# highest, rank1, rank2, ..., rankn (time is in ns (i.e. 10^-9 s))
69740, 69740, 68465, 67386, 67626
14737, 14737, 14523, 14500, 14371
17755, 17624, 17755, 17485, 17603
24576, 21927, 23228, 24513, 24576
20321, 20321, 19933, 19076, 18985
13733, 13733, 13726, 13496, 13431
13548, 13548, 13548, 13447, 13272
13373, 13373, 13352, 13328, 13297
13660, 13660, 13584, 13464, 13494
13412, 13412, 13401, 13393, 13209
13485, 13485, 13385, 13362, 13329
16358, 16358, 16338, 13749, 13709
13473, 13473, 13435, 13422, 13307
15857, 13563, 13533, 15857, 15838
13529, 13529, 13494, 13375, 13352
19931, 16361, 17542, 19931, 18607
16013, 13595, 13524, 16013, 15884
13480, 13478, 13408, 13480, 13436
13384, 13384, 13242, 13323, 13308
13433, 13433, 13340, 13209, 13159
13734, 13734, 13611, 13565, 13477
13338, 13338, 13268, 13225, 13205
13631, 13631, 13494, 13387, 13423
16214, 13701, 13585, 16107, 16214
13204, 13204, 13066, 13134, 13120
13594, 13594, 13425, 13287, 13194
13318, 13318, 13205, 13091, 13132
13173, 13173, 13119, 13119, 13047
13891, 13891, 13692, 13534, 13517
15688, 13309, 13232, 15649, 15688
13580, 13580, 13421, 13272, 13187
15737, 13459, 13325, 15687, 15737
13359, 13228, 13204, 13359, 13198
13669, 13669, 13511, 13056, 13046
15936, 13394, 13313, 15852, 15936
13287, 13216, 13175, 13267, 13287
13114, 13114, 13023, 13093, 13112
13705, 13705, 13511, 13299, 13305
13463, 13463, 13415, 13142, 13097
13279, 13237, 13279, 13161, 13030
13341, 13330, 13214, 13341, 13229
15806, 13673, 13603, 15769, 15806
13364, 13364, 13260, 13075, 13059
13404, 13404, 13294, 13135, 13065
15857, 13452, 13304, 15792, 15857
13216, 13210, 13216, 13114, 13060
13394, 13394, 13309, 13171, 13181
15843, 13419, 13334, 15843, 15840
13306, 13306, 13163, 13169, 13089
15800, 13601, 13458, 15800, 15781
13149, 13149, 13060, 13080, 13040
13307, 13307, 13229, 13181, 13084
13156, 13107, 13085, 13156, 13094
15663, 13132, 13027, 15657, 15663
13308, 13308, 13246, 13182, 13168
16066, 16066, 15967, 13072, 13091
13071, 13071, 13009, 13032, 12958
16679, 16679, 16619, 16215, 16176
13127, 13127, 13006, 13042, 13019
13446, 13446, 13350, 13164, 13027
13147, 13114, 12999, 13088, 13147
13135, 13135, 13071, 13034, 12987
13266, 13266, 13141, 13184, 13168
13383, 13378, 13322, 13383, 13356
16585, 16585, 16475, 15908, 16022
15814, 13132, 13023, 15725, 15814
16501, 16474, 16361, 16501, 16406
13308, 13212, 13135, 13308, 13278
13363, 13363, 13257, 13098, 13072
16710, 16710, 16565, 16249, 16133
13135, 13022, 12948, 13135, 13016
13277, 13277, 13199, 13140, 13112
16696, 16696, 16577, 15947, 15833
13282, 13254, 13222, 13245, 13282
13479, 13479, 13311, 13104, 13120
13372, 13363, 13247, 13372, 13257
13445, 13445, 13369, 13107, 13063
13325, 13325, 13206, 13133, 13002
13280, 13280, 13206, 13188, 13223
13253, 13253, 13186, 13173, 13158
13276, 13276, 13235, 13240, 13158
15527, 13350, 13322, 15516, 15527
13305, 13305, 13274, 13141, 13042
13159, 13159, 13035, 13058, 12998
13388, 13388, 13273, 13193, 13114
13440, 13440, 13292, 13133, 13093
13395, 13395, 13276, 13169, 13102
16713, 16713, 16676, 15911, 15863
13303, 13303, 13182, 13074, 13039
15737, 13721, 13673, 15695, 15737
13166, 13166, 13147, 13119, 13112
15648, 13662, 13563, 15621, 15648
15681, 13631, 13514, 15669, 15681
15551, 13411, 13351, 15452, 15551
13184, 13184, 13081, 13161, 13138
13333, 13299, 13209, 13333, 13330
16551, 16540, 16551, 15856, 15924
13406, 13406, 13275, 13238, 13140
13837, 13837, 13729, 13468, 13429
13552, 13552, 13375, 13203, 13167
13353, 13353, 13238, 13210, 13172
15751, 13616, 13512, 15730, 15751
13243, 13243, 13137, 13186, 13100
15766, 13692, 13590, 15712, 15766
13669, 13669, 13639, 13397, 13526
13233, 13233, 13137, 13166, 13102
13137, 13137, 13081, 13135, 13028
13354, 13354, 13228, 13182, 13201
15814, 13487, 13294, 15777, 15814
16277, 16274, 16277, 13123, 13030
13260, 13260, 13102, 13096, 13125
13332, 13332, 13191, 12986, 12997
13318, 13317, 13318, 13271, 13169
13215, 13215, 13135, 13124, 13107
16101, 16101, 15980, 13013, 13030
13264, 13050, 12981, 13264, 13215
13557, 13557, 13451, 13243, 13228
15564, 13759, 13600, 15517, 15564
13441, 13441, 13302, 13233, 13170
15810, 15810, 15770, 13171, 13142
13295, 13295, 13191, 13125, 13136
13531, 13531, 13412, 13168, 13166
13498, 13498, 13378, 13187, 13149
13197, 13197, 13082, 13079, 13034
16306, 16306, 16191, 13268, 13259
13352, 13352, 13261, 13102, 13039
13608, 13608, 13380, 13161, 13100
15685, 13566, 13450, 15682, 15685
13003, 13003, 12882, 12958, 12888
13295, 13295, 13166, 13169, 13086
13765, 13765, 13676, 13243, 13313
13580, 13580, 13409, 13237, 13177
13243, 13243, 13133, 13112, 13126
15623, 13580, 13499, 15607, 15623
13414, 13414, 13312, 13107, 13014
13406, 13406, 13279, 13085, 13009
16683, 16656, 16683, 16145, 16204
13455, 13455, 13235, 13050, 13042
13374, 13374, 13364, 13205, 13166
13239, 13239, 13173, 13016, 12955
13577, 13577, 13455, 13196, 13142
16495, 16495, 16472, 16472, 16355
16737, 16737, 16511, 16411, 16272
13322, 13322, 13285, 13234, 13079
15801, 13331, 13302, 15799, 15801
13327, 13327, 13187, 13029, 13065
13196, 13196, 13085, 13091, 13003
15704, 13571, 13481, 15704, 15702
13394, 13394, 13290, 13081, 13058
13500, 13500, 13117, 13167, 13149
13306, 13306, 13211, 13141, 13107
13427, 13427, 13280, 13096, 13057
13392, 13392, 13246, 13131, 13102
13382, 13382, 13303, 13270, 13205
13349, 13349, 13299, 13179, 13040
15778, 13318, 13252, 15760, 15778
13314, 13314, 13212, 13206, 13138
15609, 13224, 13142, 15552, 15609
15540, 13262, 13158, 15516, 15540
13402, 13402, 13294, 13336, 13235
15673, 13337, 13215, 15668, 15673
13685, 13685, 13626, 13290, 13308
15838, 13674, 13546, 15713, 15838
15756, 13262, 13218, 15692, 15756
13581, 13581, 13505, 13327, 13238
13439, 13439, 13317, 12934, 12910
13487, 13487, 13320, 13070, 13074
16265, 16265, 16149, 13182, 13156
13290, 13290, 13178, 13044, 12931
13438, 13438, 13304, 13162, 13050
15644, 13374, 13350, 15629, 15644
16509, 16509, 16359, 16438, 16294
13198, 13198, 13136, 13185, 13118
13536, 13536, 13491, 13226, 13120
13100, 13090, 13018, 13100, 13069
13413, 13413, 13309, 13112, 13100
15691, 13716, 13586, 15691, 15669
13356, 13356, 13217, 13098, 12965
13174, 13102, 13041, 13174, 13098
13527, 13527, 13401, 13162, 13154
13280, 13280, 13149, 13267, 13155
20295, 18189, 18083, 20295, 20261
16864, 16864, 16727, 16397, 16233
13171, 13171, 13098, 13067, 13064
13416, 13416, 13261, 13021, 13071
16391, 16391, 16187, 16144, 16046
16336, 16336, 16198, 16135, 16093
13509, 13509, 13469, 13261, 13296
13357, 13357, 13285, 13065, 13085
16406, 16406, 16285, 16230, 16177
16528, 16528, 16397, 16391, 16284
13144, 13144, 13090, 12969, 12893
13250, 13250, 13211, 13144, 13125
16512, 16512, 16398, 16353, 16262
13573, 13573, 13388, 13196, 13168
13125, 13125, 13037, 13070, 13037
13252, 13237, 13252, 13250, 13209
15918, 15918, 15804, 13194, 13233
13509, 13509, 13376, 13259, 13204
16198, 16198, 16089, 13463, 13411
16365, 16365, 16189, 16088, 15934
13169, 13169, 13089, 13066, 13018
13462, 13462, 13316, 13137, 13107
13311, 13259, 13186, 13311, 13243
16492, 16492, 16370, 16110, 16072
16472, 16472, 16266, 16208, 16060
13494, 13494, 13308, 13172, 13136
13244, 13244, 13161, 13182, 13136
16771, 16771, 16628, 16138, 16001
13353, 13353, 13265, 13133, 13094
15903, 15903, 15741, 13244, 13238
16432, 16432, 16222, 16283, 16252
16486, 16486, 16331, 16034, 15939
13298, 13298, 13242, 13187, 13125
13245, 13245, 13144, 13114, 13032
13357, 13357, 13254, 13260, 13192
13531, 13531, 13420, 13161, 13154
13604, 13604, 13497, 13158, 13150
13353, 13353, 13229, 13173, 13073
13472, 13472, 13388, 13239, 13169
13392, 13392, 13260, 13159, 13098
13508, 13508, 13343, 13149, 13133
16603, 16603, 16429, 16490, 16369
13410, 13410, 13332, 13210, 13199
13293, 13293, 13179, 13066, 13027
13810, 13810, 13702, 13549, 13481
13308, 13308, 13245, 13304, 13229
13392, 13392, 13261, 13242, 13088
13425, 13391, 13357, 13425, 13337
15909, 15909, 15785, 13234, 13251
16333, 16333, 16182, 16240, 16135
16343, 16343, 16217, 13305, 13351
13266, 13266, 13182, 13140, 13079
13224, 13224, 13124, 13079, 12987
13280, 13280, 13173, 13216, 13230
13495, 13495, 13380, 13177, 13126
13211, 13211, 13142, 13121, 13060
13346, 13346, 13261, 13196, 13079
15606, 13054, 13070, 15606, 15530
13233, 13233, 13179, 13102, 13106
13340, 13340, 13335, 13178, 13122
13237, 13237, 13146, 13098, 13043
13555, 13555, 13481, 13377, 13315
13131, 13131, 13093, 13066, 13112
16099, 16099, 15952, 13340, 13371
16502, 16502, 16383, 16425, 16329
13435, 13435, 13275, 13028, 13003
16607, 16607, 16448, 16035, 15898
13549, 13549, 13453, 13295, 13262
15727, 13570, 13513, 15688, 15727
13422, 13422, 13346, 13210, 13150
13392, 13392, 13247, 13285, 13147
13299, 13299, 13216, 13088, 13057
13458, 13372, 13306, 13399, 13458
17750, 15026, 14971, 17678, 17750
16347, 14988, 14878, 16347, 16336
13434, 13434, 13359, 13352, 13247
16079, 13960, 13865, 15990, 16079
13169, 13132, 12992, 13169, 13122
13298, 13298, 13217, 13252, 13249
13372, 13372, 13270, 13192, 13149
13524, 13524, 13412, 13301, 13309
16000, 13383, 13312, 15939, 16000
15924, 13682, 13562, 15867, 15924
16144, 16144, 16060, 13400, 13354
13404, 13404, 13287, 13260, 13217
13377, 13377, 13294, 13207, 13220
13390, 13390, 13280, 13176, 13041
13096, 13096, 13047, 12999, 13049
13357, 13357, 13241, 13333, 13280
15552, 13472, 13336, 15550, 15552
16007, 13818, 13716, 15961, 16007
15992, 15992, 15845, 13250, 13259
13550, 13550, 13402, 13207, 13181
13484, 13484, 13426, 13371, 13311
13296, 13296, 13186, 13191, 13210
15887, 13660, 13479, 15824, 15887
13240, 13146, 13021, 13240, 13176
16669, 16669, 16636, 15845, 15880
13280, 13280, 13177, 13148, 13032
13308, 13291, 13271, 13308, 13308
13081, 13054, 12953, 13081, 13073
13690, 13683, 13690, 13359, 13339
13280, 13245, 13228, 13276, 13280
15883, 13734, 13634, 15856, 15883
15662, 13258, 13170, 15585, 15662
15786, 13535, 13433, 15727, 15786
13119, 13119, 12956, 12987, 12943
13415, 13415, 13321, 13207, 13156
13515, 13515, 13374, 13199, 13177
13365, 13347, 13299, 13357, 13365
13210, 13170, 13120, 13210, 13140
16057, 16057, 15944, 13326, 13334
13229, 13229, 13116, 13174, 13100
13388, 13388, 13291, 13087, 13087
13379, 13379, 13247, 13214, 13149
13522, 13522, 13411, 13242, 13181
15888, 13461, 13308, 15863, 15888
13316, 13249, 13195, 13316, 13216
13268, 13268, 13156, 13149, 13105
13507, 13507, 13403, 13393, 13291
13098, 13036, 12943, 13090, 13098
13205, 13205, 13113, 13164, 13133
13387, 13387, 13294, 13301, 13243
13322, 13322, 13268, 13102, 13094
13207, 13207, 13110, 13046, 13032
16820, 16820, 16788, 16094, 16124
13005, 13005, 12939, 12947, 12962
16247, 16247, 16100, 16071, 15995
13486, 13486, 13360, 13127, 13092
13382, 13382, 13255, 13143, 13095
13461, 13461, 13374, 13177, 13173
15732, 13507, 13430, 15732, 15711
15542, 13156, 13012, 15521, 15542
13453, 13453, 13349, 13242, 13142
16452, 16452, 16351, 16369, 16274
15880, 13555, 13505, 15847, 15880
13253, 13214, 13166, 13253, 13158
16592, 16592, 16483, 16427, 16356
13381, 13381, 13278, 13095, 13044
13378, 13378, 13224, 13225, 13205
13387, 13387, 13296, 13370, 13276
13207, 13207, 13076, 13116, 13006
13549, 13549, 13465, 13421, 13319
13341, 13341, 13270, 13308, 13331
13453, 13453, 13322, 13164, 13134
13229, 13229, 13115, 13146, 13067
15928, 13734, 13624, 15928, 15926
13290, 13290, 13130, 13209, 13202
13513, 13513, 13421, 13463, 13388
16676, 16676, 16577, 16020, 16084
16000, 16000, 15854, 13146, 13136
15898, 14000, 13891, 15898, 15877
15742, 13617, 13554, 15690, 15742
13299, 13299, 13209, 13156, 13131
13464, 13464, 13293, 13109, 13118
13369, 13369, 13232, 13232, 13186
16203, 16174, 16203, 13277, 13285
13174, 13174, 13090, 13064, 13029
15616, 13637, 13568, 15616, 15611
13578, 13578, 13444, 13276, 13243
13536, 13536, 13499, 13532, 13420
13330, 13330, 13255, 13090, 13092
13524, 13524, 13454, 13220, 13224
13455, 13455, 13390, 13243, 13268
13319, 13319, 13260, 13240, 13210
13496, 13496, 13455, 13230, 13220
13252, 13252, 13136, 13220, 13174
13397, 13397, 13346, 13227, 13171
13342, 13342, 13276, 13293, 13219
13301, 13296, 13143, 13296, 13301
13331, 13331, 13249, 13139, 13070
13411, 13411, 13268, 13255, 13216
13247, 13247, 13118, 13041, 12999
13276, 13276, 13240, 13196, 13162
16009, 13823, 13701, 15938, 16009
13349, 13349, 13225, 13149, 13150
13613, 13613, 13476, 13085, 13070
16078, 16078, 15943, 13339, 13324
13308, 13285, 13266, 13308, 13240
13497, 13421, 13374, 13497, 13443
13784, 13784, 13618, 13390, 13378
13435, 13435, 13331, 13350, 13268
13408, 13408, 13346, 13362, 13329
13632, 13632, 13507, 13540, 13400
13667, 13667, 13625, 13230, 13232
13448, 13424, 13383, 13374, 13448
13652, 13652, 13578, 13489, 13387
15924, 13599, 13472, 15910, 15924
13697, 13697, 13685, 13477, 13514
13963, 13963, 13891, 13584, 13613
13514, 13514, 13439, 13415, 13459
16094, 13683, 13661, 16094, 15990
16206, 16206, 16135, 13589, 13631
13614, 13614, 13535, 13472, 13433
13789, 13789, 13688, 13476, 13577
13445, 13445, 13444, 13222, 13173
13138, 13138, 13046, 12999, 13024
13563, 13563, 13418, 13181, 13164
13239, 13239, 13179, 13019, 13031
13209, 13209, 13018, 12861, 12815
13148, 13148, 13095, 13099, 13006
13205, 13205, 13095, 13023, 12974
15733, 13291, 13207, 15688, 15733
13316, 13071, 13019, 13316, 13232
13128, 13128, 13059, 13092, 13117
13264, 13264, 13188, 13178, 13214
13761, 13761, 13584, 13268, 13159
15883, 15883, 15743, 13151, 13145
13166, 13166, 13072, 13080, 13053
13246, 13246, 13138, 13208, 13169
15776, 13805, 13688, 15735, 15776
13647, 13647, 13497, 13313, 13313
13521, 13521, 13456, 13443, 13392
16041, 16041, 15924, 13286, 13316
15717, 13294, 13214, 15685, 15717
13416, 13416, 13350, 13267, 13232
13201, 13201, 13153, 13105, 12970
13277, 13277, 13203, 13224, 13184
15804, 13121, 13076, 15804, 15712
13179, 13179, 13108, 13021, 12961
13265, 13265, 13128, 13105, 13118
13288, 13288, 13182, 13097, 13077
13340, 13340, 13193, 13338, 13260
13497, 13497, 13355, 13346, 13318
15799, 13525, 13377, 15695, 15799
13237, 13237, 13183, 13159, 13113
13377, 13377, 13252, 13164, 13179
13500, 13500, 13456, 13306, 13265
16102, 16102, 15961, 13199, 13275
55058, 54616, 54544, 55058, 54878
14174, 13825, 13779, 14174, 14163
17528, 17001, 17016, 17465, 17528
16106, 13593, 13543, 16061, 16106
13100, 13100, 13024, 12946, 12884
15832, 13041, 13043, 15832, 15758
15896, 13172, 13196, 15896, 15873
13310, 13268, 13236, 13310, 13225
13142, 13129, 13081, 13142, 13110
13380, 13380, 13293, 13227, 13199
15799, 15799, 15697, 13077, 13141
13166, 13144, 13107, 13166, 13009
15926, 15926, 15791, 13280, 13352
15984, 15984, 15861, 13257, 13318
15570, 12986, 12875, 15570, 15532
13553, 13553, 13403, 13163, 13196
13335, 13335, 13175, 13003, 12967
13144, 13144, 13056, 12937, 12858
16363, 16363, 16190, 16338, 16270
13062, 13062, 12962, 12878, 12868
13425, 13425, 13339, 13142, 13098
13265, 13265, 13140, 12981, 12892
13316, 13316, 13213, 13044, 13032
13427, 13420, 13324, 13427, 13411
13159, 13159, 13092, 13039, 12963
13480, 13480, 13326, 13110, 13127
16658, 16658, 16476, 16533, 16413
16276, 16276, 16150, 16028, 15928
13233, 13233, 13173, 13019, 13024
16078, 16078, 15972, 13454, 13484
13479, 13479, 13364, 13181, 13186
16290, 16290, 16214, 16239, 16140
16289, 16289, 16195, 16032, 15967
16394, 16394, 16189, 16089, 16009
15639, 12934, 12881, 15639, 15504
13140, 13140, 13102, 13136, 13102
13220, 13220, 13115, 13016, 12993
15753, 15753, 15722, 13061, 13059
16386, 16386, 16256, 16327, 16218
15626, 13027, 12919, 15626, 15483
15938, 15938, 15781, 13240, 13187
13196, 13196, 13115, 13159, 13163
16186, 16186, 16086, 16104, 15969
13367, 13367, 13236, 13100, 12988
13548, 13548, 13390, 13251, 13146
13261, 13261, 13253, 13097, 13058
13692, 13692, 13572, 13289, 13217
13339, 13339, 13223, 13012, 13027
13283, 13283, 13209, 13084, 13064
13314, 13314, 13177, 13196, 13136
15953, 15953, 15817, 13157, 13118
13485, 13485, 13372, 13238, 13147
15924, 15924, 15771, 13220, 13199
15910, 15910, 15768, 13283, 13310
13228, 13228, 13107, 13140, 13060
13448, 13448, 13359, 13245, 13224
16353, 16353, 16236, 16214, 16100
15776, 15776, 15677, 13074, 13067
13426, 13426, 13359, 13358, 13252
13209, 13209, 13082, 13107, 13089
13452, 13452, 13352, 13115, 13044
13271, 13271, 13154, 13181, 13123
13296, 13296, 13205, 13163, 13154
16225, 16225, 16089, 16191, 16039
13387, 13387, 13283, 13140, 13070
15547, 13028, 12996, 15547, 15463
13271, 13271, 13191, 13162, 13089
13570, 13570, 13505, 13337, 13296
15914, 15914, 15784, 13199, 13122
13543, 13543, 13415, 13175, 13084
13404, 13404, 13305, 13225, 13224
13402, 13402, 13313, 13289, 13247
13232, 13232, 13118, 13144, 13044
13381, 13381, 13267, 13237, 13151
16212, 16212, 16096, 16044, 16006
13393, 13393, 13348, 13351, 13372
13324, 13324, 13225, 13108, 13037
13148, 13148, 13074, 13055, 12952
16284, 16284, 16175, 16200, 16083
13242, 13242, 13126, 13095, 13042
13202, 13202, 13093, 13078, 12995
13408, 13408, 13359, 13360, 13342
13455, 13455, 13344, 13118, 13059
13245, 13245, 13202, 13165, 13196
13626, 13626, 13512, 13346, 13276
16239, 16239, 16167, 16140, 16071
13105, 13105, 13047, 12909, 12917
13372, 13372, 13288, 13145, 13108
16409, 16409, 16287, 16270, 16163
15662, 13489, 13375, 15610, 15662
13514, 13514, 13388, 13176, 13145
13239, 13239, 13094, 13047, 12985
13326, 13326, 13219, 13018, 13052
16434, 16434, 16299, 16233, 16177
13229, 13229, 13107, 13110, 13085
16597, 16597, 16270, 16111, 16007
15832, 13187, 13064, 15832, 15774
13301, 13301, 13170, 12958, 12927
13468, 13468, 13352, 13234, 13222
13497, 13497, 13431, 13253, 13331
16350, 16350, 16221, 16223, 16130
13303, 13303, 13252, 13177, 13062
16491, 16491, 16338, 16285, 16152
13571, 13571, 13487, 13366, 13309
13283, 13283, 13222, 13087, 13040
13168, 13168, 13033, 13056, 13114
13235, 13235, 13108, 13029, 13009
13225, 13191, 13092, 13225, 13140
13158, 13158, 13027, 13013, 13005
15571, 12780, 12757, 15571, 15506
13301, 13301, 13149, 13199, 13257
13419, 13419, 13328, 13136, 13118
13741, 13741, 13436, 13189, 13077
13420, 13420, 13374, 13304, 13253
13156, 13156, 13148, 13151, 13074
15587, 13112, 13067, 15587, 15507
15655, 13051, 12991, 15655, 15551
13312, 13312, 13237, 13079, 13069
13505, 13505, 13359, 13182, 13138
13648, 13648, 13532, 13505, 13419
16383, 16383, 16277, 16198, 16127
13196, 13196, 13136, 13040, 13012
13219, 13219, 13126, 13176, 13129
13337, 13337, 13225, 13229, 13209
13491, 13491, 13427, 13266, 13225
13275, 13275, 13192, 13222, 13173
16155, 16155, 16036, 16010, 15839
13665, 13665, 13402, 13159, 13077
13430, 13430, 13350, 13217, 13156
13284, 13284, 13275, 13143, 13153
16762, 16762, 16580, 16414, 16309
13334, 13334, 13222, 13125, 13102
16254, 16254, 16178, 16192, 16099
16511, 16511, 16493, 16459, 16353
16350, 16350, 16198, 16170, 16161
13176, 13176, 13073, 13083, 13080
16458, 16458, 16359, 16311, 16276
16152, 16152, 16038, 16107, 16015
13393, 13393, 13273, 13244, 13189
13416, 13416, 13334, 13388, 13344
16113, 16113, 15945, 15961, 15893
13268, 13268, 13209, 13027, 13034
13416, 13416, 13367, 13278, 13236
13310, 13310, 13229, 13130, 13086
13497, 13497, 13398, 13298, 13226
13281, 13281, 13170, 13092, 13125
13588, 13588, 13420, 13278, 13223
13283, 13283, 13204, 13036, 13020
15975, 15975, 15845, 13265, 13212
13294, 13294, 13237, 13153, 13075
13525, 13525, 13392, 13091, 13087
16577, 16577, 16380, 16405, 16280
15696, 13331, 13244, 15696, 15634
13241, 13241, 13130, 13169, 13108
13610, 13610, 13545, 13310, 13224
16116, 16116, 16020, 15888, 15855
16338, 16338, 16169, 16319, 16227
16346, 16346, 16233, 16172, 16117
13507, 13507, 13410, 13232, 13224
16514, 16514, 16412, 16356, 16285
13139, 13139, 13052, 13137, 13077
16129, 16129, 16020, 16053, 15929
13575, 13575, 13488, 13276, 13268
16269, 16269, 16108, 16221, 16108
13591, 13591, 13449, 13184, 13172
13321, 13321, 13239, 13259, 13146
13108, 13108, 13000, 13074, 13000
13663, 13663, 13400, 13146, 13113
13220, 13220, 13123, 13198, 13112
13255, 13255, 13126, 13097, 13102
16208, 16208, 16112, 16117, 15921
13292, 13252, 13215, 13292, 13247
13464, 13464, 13352, 13218, 13146
16300, 16300, 16129, 16254, 16120
13161, 13161, 13030, 12994, 12990
15993, 15993, 15811, 13210, 13181
15733, 13352, 13322, 15706, 15733
13218, 13218, 13106, 13204, 13143
13614, 13614, 13463, 13234, 13136
13228, 13228, 13166, 13180, 13173
16481, 16481, 16332, 16363, 16222
13532, 13532, 13381, 13215, 13261
13472, 13472, 13403, 13143, 13070
13535, 13535, 13430, 13247, 13195
13390, 13390, 13327, 13136, 13107
16479, 16479, 16395, 16333, 16240
13589, 13589, 13489, 13293, 13288
16347, 16347, 16197, 16241, 16156
13324, 13324, 13233, 13251, 13295
13635, 13635, 13519, 13224, 13111
13240, 13240, 13179, 12997, 12988
15714, 13070, 13051, 15714, 15585
13360, 13360, 13294, 13193, 13116
13364, 13364, 13268, 13026, 13019
13471, 13471, 13452, 13360, 13302
16465, 16465, 16294, 16334, 16193
13474, 13474, 13364, 13253, 13126
13364, 13364, 13302, 13326, 13245
13336, 13336, 13219, 13153, 13074
13354, 13354, 13237, 13037, 12961
13397, 13384, 13334, 13397, 13340
16462, 16462, 16320, 16172, 16084
13325, 13325, 13270, 13156, 13166
16376, 16376, 16262, 16205, 16117
13192, 13192, 13075, 13097, 13065
13368, 13368, 13207, 13235, 13186
16006, 16006, 15812, 13255, 13323
16215, 16215, 16191, 13360, 13284
16488, 16488, 16340, 16299, 16155
13552, 13552, 13439, 13233, 13230
13287, 13287, 13165, 13184, 13163
16269, 16269, 16113, 16238, 16127
16314, 16314, 16159, 16139, 16089
15550, 13247, 13159, 15550, 15491
16514, 16514, 16396, 16417, 16378
13106, 13106, 12995, 12900, 12863
16135, 16135, 15987, 16050, 15960
13180, 13143, 13057, 13180, 13159
16295, 16295, 16091, 16069, 15941
13516, 13516, 13424, 13229, 13245
16656, 16656, 16485, 16392, 16288
13252, 13252, 13163, 13109, 13064
13437, 13437, 13332, 13018, 12997
16306, 16306, 16149, 16175, 16099
21106, 20890, 20863, 21014, 21106
16953, 16224, 16259, 16855, 16953
17284, 17081, 17072, 17255, 17284
16776, 16333, 16325, 16667, 16776
18751, 18751, 18638, 18657, 18591
13775, 13775, 13651, 13731, 13655
13495, 13455, 13343, 13495, 13414
13502, 13502, 13420, 13311, 13267
13310, 13310, 13194, 13101, 13007
13402, 13402, 13277, 13007, 12998
16541, 16049, 16043, 16380, 16541
17707, 16864, 16926, 17618, 17707
13476, 13476, 13460, 13379, 13335
16634, 16634, 16584, 16205, 16300
16393, 16345, 16393, 16148, 16224
13248, 13209, 13242, 13248, 13143
13559, 13559, 13410, 13195, 13277
16390, 16390, 16389, 16333, 16321
16320, 16308, 16320, 16250, 16254
13700, 13700, 13638, 13419, 13455
16695, 16695, 16625, 16162, 16255
16465, 16462, 16465, 16306, 16388
16574, 16574, 16426, 16523, 16437
16699, 16699, 16653, 16010, 16043
16637, 15224, 15096, 16579, 16637
16336, 15005, 14932, 16255, 16336
16344, 14474, 14369, 16284, 16344
17395, 16834, 16814, 17308, 17395
17118, 16295, 16364, 17019, 17118
17579, 15028, 14960, 17460, 17579
17175, 15533, 15404, 17175, 17156
18053, 16534, 16465, 17998, 18053
16519, 15150, 14974, 16495, 16519
13113, 13113, 13057, 13020, 12971
16219, 16219, 16127, 16142, 16053
13588, 13588, 13503, 13226, 13140
13146, 13141, 13146, 13027, 12925
16008, 13984, 13894, 15939, 16008
13341, 13341, 13248, 13113, 13167
15819, 13341, 13231, 15759, 15819
15667, 13499, 13400, 15549, 15667
13476, 13476, 13329, 13028, 13048
16547, 16475, 16295, 16547, 16363
15753, 13265, 13199, 15704, 15753
15549, 13204, 13163, 15509, 15549
15908, 13874, 13704, 15839, 15908
15575, 13166, 13073, 15567, 15575
13349, 13349, 13179, 13009, 12919
13142, 13142, 13008, 13113, 13034
13301, 13301, 13223, 13088, 13051
15775, 13716, 13565, 15775, 15775
13552, 13552, 13389, 13339, 13282
13324, 13324, 13162, 13008, 12903
13255, 13255, 13100, 12889, 12848
15954, 13853, 13701, 15905, 15954
15889, 13706, 13740, 15786, 15889
16506, 15438, 15394, 16503, 16506
16837, 14659, 14633, 16811, 16837
15810, 13419, 13320, 15779, 15810
17286, 16844, 16702, 17255, 17286
18225, 18118, 18225, 17880, 17902
16768, 14601, 14569, 16748, 16768
15952, 13747, 13669, 15890, 15952
15793, 13234, 13094, 15738, 15793
13212, 13212, 13120, 13140, 13096
15541, 13634, 13528, 15472, 15541
16060, 13634, 13555, 15932, 16060
15875, 13577, 13587, 15823, 15875
16106, 13680, 13673, 16038, 16106
15690, 13118, 12981, 15660, 15690
15778, 13549, 13461, 15727, 15778
13399, 13399, 13364, 13315, 13311
15549, 13553, 13452, 15508, 15549
15564, 13156, 13086, 15564, 15549
16051, 13775, 13644, 16051, 16051
15786, 13304, 13248, 15746, 15786
15805, 13595, 13483, 15775, 15805
13227, 13227, 13136, 13197, 13156
13484, 13484, 13371, 13308, 13298
15826, 13576, 13453, 15793, 15826
16883, 16883, 16699, 16455, 16331
13315, 13298, 13203, 13315, 13275
13501, 13501, 13413, 13436, 13465
15967, 13700, 13564, 15930, 15967
13455, 13392, 13280, 13455, 13434
16142, 13680, 13608, 16103, 16142
16074, 13894, 13814, 16017, 16074
15939, 13728, 13673, 15939, 15906
13302, 13228, 13231, 13302, 13164
13631, 13631, 13517, 13480, 13466
15972, 13684, 13589, 15934, 15972
13509, 13509, 13416, 13418, 13357
13502, 13502, 13440, 13498, 13497
19590, 19590, 19522, 19074, 18896
17404, 14995, 14899, 17399, 17404
13983, 13983, 13852, 13734, 13696
13389, 13389, 13269, 13221, 13205
17046, 16446, 16487, 16986, 17046
17192, 16679, 16711, 17119, 17192
17072, 16620, 16578, 16989, 17072
17716, 17612, 17638, 17644, 17716
15591, 13226, 13133, 15562, 15591
13272, 13272, 13149, 13089, 13084
13547, 13547, 13390, 13369, 13281
13193, 13161, 13193, 13067, 12957
15745, 13552, 13428, 15657, 15745
13387, 13387, 13304, 13141, 13110
15687, 13716, 13587, 15687, 15657
15939, 13387, 13271, 15763, 15939
13459, 13436, 13341, 13459, 13347
13269, 13229, 13269, 13169, 13113
15562, 13446, 13354, 15526, 15562
13311, 13300, 13309, 13311, 13265
13062, 13018, 13027, 13062, 12887
15799, 13153, 13017, 15710, 15799
13384, 13384, 13304, 13151, 13179
16270, 16270, 16173, 16128, 16132
13445, 13445, 13416, 13210, 13260
13446, 13446, 13435, 13191, 13189
13212, 13212, 13171, 13065, 12995
13275, 13275, 13179, 13060, 12986
13117, 13117, 12975, 13067, 13037
15551, 13601, 13528, 15483, 15551
15862, 13539, 13433, 15817, 15862
15642, 13572, 13432, 15589, 15642
16480, 16467, 16480, 16204, 16234
13332, 13332, 13182, 13060, 12998
13431, 13431, 13277, 13163, 13112
15649, 13347, 13229, 15591, 15649
15949, 13535, 13433, 15891, 15949
13317, 13317, 13225, 13202, 13198
13050, 13050, 12980, 13021, 12905
13713, 13713, 13642, 13610, 13558
13393, 13393, 13278, 13229, 13163
16613, 16613, 16588, 15901, 15986
13588, 13588, 13522, 13258, 13150
15694, 13581, 13518, 15581, 15694
16012, 13697, 13615, 15857, 16012
15677, 13587, 13545, 15624, 15677
13330, 13330, 13294, 13190, 13060
13137, 13137, 13090, 13061, 13031
13486, 13486, 13392, 13353, 13316
15598, 13027, 13014, 15598, 15501
13079, 13079, 13020, 13047, 13006
13646, 13646, 13588, 13377, 13344
16166, 13377, 13256, 16059, 16166
17233, 16722, 16748, 17157, 17233
13899, 13886, 13812, 13899, 13834
15793, 13731, 13572, 15740, 15793
15807, 13759, 13634, 15733, 15807
15737, 13360, 13211, 15715, 15737
13121, 13121, 12978, 13062, 13009
15806, 13139, 13103, 15727, 15806
13238, 13238, 13104, 12995, 12971
15628, 13574, 13502, 15628, 15628
15843, 13354, 13269, 15766, 15843
15621, 13424, 13350, 15555, 15621
15509, 13134, 13044, 15471, 15509
13512, 13512, 13415, 13411, 13479
13054, 13054, 12945, 12994, 12964
13107, 13107, 13028, 13087, 13044
13382, 13382, 13326, 13271, 13163
15733, 13217, 13156, 15723, 15733
13325, 13325, 13259, 12947, 12957
15776, 13473, 13377, 15716, 15776
13143, 13060, 12975, 13143, 13058
13634, 13634, 13466, 13252, 13284
13407, 13407, 13345, 13255, 13219
13345, 13345, 13296, 13175, 13147
13175, 13175, 13143, 13077, 13093
13190, 13188, 13083, 13190, 13129
13331, 13331, 13272, 13205, 13146
13389, 13389, 13289, 13008, 12975
15634, 13588, 13526, 15622, 15634
13113, 13113, 13097, 13051, 13014
13259, 13161, 13118, 13259, 13166
13140, 13140, 13037, 13025, 13008
15647, 13301, 13214, 15585, 15647
15733, 13337, 13272, 15717, 15733
13453, 13453, 13255, 13114, 13069
13111, 13111, 13057, 12892, 12817
15693, 13278, 13202, 15654, 15693
15592, 13534, 13415, 15588, 15592
31321, 13217, 13181, 31321, 31280
16620, 16620, 16558, 16588, 16508
16195, 14012, 13939, 16150, 16195
13981, 13981, 13694, 13424, 13395
16789, 16789, 16574, 16334, 16231
16679, 16679, 16643, 16226, 16116
13481, 13481, 13365, 13158, 13108
13792, 13792, 13637, 13392, 13252
16246, 16246, 16140, 16086, 15994
13630, 13630, 13562, 13186, 13200
13446, 13446, 13377, 13282, 13203
15829, 13477, 13370, 15742, 15829
13558, 13558, 13403, 13263, 13183
13602, 13602, 13479, 13439, 13350
16584, 16584, 16416, 16435, 16307
13594, 13594, 13453, 13252, 13228
13479, 13479, 13353, 13301, 13184
13525, 13525, 13413, 13242, 13159
13600, 13600, 13476, 13301, 13187
13732, 13732, 13590, 13431, 13354
13347, 13347, 13259, 13231, 13184
13598, 13598, 13544, 13477, 13433
15999, 15999, 15913, 13228, 13225
13514, 13514, 13409, 13169, 13080
14035, 14035, 14026, 13320, 13329
16682, 16376, 16388, 16663, 16682
20986, 20962, 20986, 19700, 19823
17035, 15351, 15293, 17021, 17035
16447, 14860, 14826, 16375, 16447
16641, 15195, 15092, 16641, 16633
16416, 15159, 15120, 16376, 16416
16566, 15293, 15290, 16548, 16566
101000, 101000, 100909, 20965, 21046
16917, 15471, 15415, 16904, 16917
18320, 17131, 17147, 18302, 18320
16317, 14975, 14890, 16161, 16317
16284, 15034, 14965, 16284, 16266
17303, 15993, 15846, 17288, 17303
18439, 17127, 17051, 18373, 18439
16553, 15320, 15319, 16534, 16553
16528, 15147, 15038, 16448, 16528
16326, 15214, 15266, 16310, 16326
16096, 14847, 14671, 16073, 16096
18166, 18003, 18166, 17090, 17239
17183, 15385, 15271, 17094, 17183
16733, 13822, 13706, 16692, 16733
14097, 13964, 13774, 14097, 14036
18277, 18277, 18264, 16963, 17030
16129, 14761, 14733, 16080, 16129
16378, 15837, 15882, 16297, 16378
20932, 19783, 19691, 20891, 20932
18413, 17425, 17305, 18402, 18413
16598, 15350, 15310, 16524, 16598
16535, 15000, 14909, 16513, 16535
16458, 15222, 15134, 16450, 16458
16670, 15322, 15223, 16665, 16670
16802, 15302, 15308, 16802, 16800
16756, 15565, 15531, 16643, 16756
16977, 15400, 15367, 16956, 16977
16905, 15593, 15498, 16844, 16905
16488, 15149, 15149, 16456, 16488
16395, 15081, 15065, 16395, 16392
16493, 15201, 15227, 16472, 16493
16429, 15183, 15150, 16412, 16429
16340, 15038, 15023, 16324, 16340
16763, 15482, 15445, 16712, 16763
16159, 15064, 15094, 16108, 16159
16824, 15602, 15530, 16752, 16824
20370, 20347, 20370, 18844, 18849
16653, 15530, 15430, 16640, 16653
20203, 20161, 20203, 18495, 18561
16431, 15014, 14919, 16400, 16431
13754, 13754, 13598, 13556, 13535
13644, 13644, 13561, 13364, 13156
13181, 13181, 13087, 13024, 13021
13093, 13035, 12981, 13093, 13046
13370, 13370, 13242, 13309, 13300
13244, 13202, 13126, 13227, 13244
13059, 13041, 12970, 13059, 12971
13222, 13222, 13153, 13077, 13051
15951, 15951, 15867, 13120, 13133
13426, 13426, 13315, 13099, 13108
15918, 13635, 13519, 15842, 15918
15674, 13575, 13482, 15619, 15674
13248, 13248, 13084, 13155, 13103
13426, 13426, 13355, 13365, 13344
13116, 13116, 13046, 13043, 13001
15938, 14374, 14373, 15857, 15938
18953, 17827, 17826, 18938, 18953
16718, 15396, 15383, 16663, 16718
16894, 15439, 15377, 16860, 16894
22915, 22915, 22789, 21484, 21566
16633, 15217, 15124, 16553, 16633
16796, 15641, 15714, 16763, 16796
16949, 15641, 15560, 16890, 16949
23027, 22656, 23027, 19717, 19777
17506, 16321, 16252, 17506, 17491
16406, 15410, 15372, 16366, 16406
16269, 13969, 13832, 16150, 16269
15816, 13552, 13449, 15733, 15816
15999, 13599, 13570, 15931, 15999
16091, 14020, 13924, 16091, 16076
16168, 14023, 13929, 16148, 16168
15684, 13638, 13510, 15628, 15684
15638, 13579, 13460, 15560, 15638
16102, 13835, 13671, 16028, 16102
13438, 13438, 13332, 13259, 13196
16822, 16822, 16699, 16400, 16342
16195, 13928, 13898, 16193, 16195
16768, 16768, 16617, 16537, 16394
13656, 13656, 13555, 13517, 13376
16528, 16528, 16452, 16474, 16344
16195, 13804, 13753, 16118, 16195
13173, 13144, 13076, 13173, 13120
13496, 13496, 13463, 13339, 13275
13507, 13507, 13436, 13324, 13256
15786, 13568, 13449, 15786, 15760
13471, 13352, 13265, 13471, 13408
16054, 14778, 14636, 16054, 16041
18255, 15784, 15789, 18255, 18248
13303, 13303, 13229, 13149, 13083
13261, 13261, 13185, 13088, 13054
13379, 13379, 13235, 13019, 12989
15913, 13887, 13762, 15880, 15913
13255, 13255, 13186, 13214, 13153
15779, 13740, 13674, 15747, 15779
16126, 13766, 13626, 16062, 16126
13148, 13148, 13105, 13142, 13041
15966, 13707, 13563, 15961, 15966
15849, 13651, 13505, 15849, 15788
13238, 13238, 13125, 13171, 13182
13799, 13799, 13657, 13482, 13417
13486, 13486, 13341, 13185, 13086
16045, 13936, 13816, 16020, 16045
17413, 15243, 15125, 17413, 17358
15840, 13769, 13647, 15795, 15840
13382, 13382, 13340, 13173, 13096
13439, 13439, 13344, 13237, 13196
15796, 15796, 15751, 13099, 13153
16678, 16678, 16518, 16274, 16145
13774, 13774, 13695, 13288, 13286
13426, 13426, 13320, 13130, 13116
13384, 13384, 13312, 13263, 13255
16637, 16637, 16481, 16406, 16266
13445, 13445, 13304, 13059, 13060
13324, 13324, 13197, 13278, 13261
13472, 13472, 13404, 13365, 13324
13394, 13394, 13287, 13195, 13096
13321, 13321, 13172, 13149, 13172
15954, 14325, 14277, 15869, 15954
13811, 13811, 13728, 13400, 13390
13184, 13184, 13084, 13094, 13031
13510, 13510, 13468, 13272, 13271
15784, 13430, 13376, 15784, 15779
15851, 13219, 13071, 15851, 15743
13285, 13285, 13235, 13272, 13220
15926, 13627, 13525, 15865, 15926
13529, 13529, 13383, 13342, 13278
13443, 13443, 13387, 13284, 13245
13192, 13192, 13133, 12995, 12981
16482, 16482, 16396, 16370, 16254
13097, 13079, 13011, 13097, 13001
15895, 15895, 15792, 13238, 13193
13542, 13542, 13439, 13324, 13264
16670, 16670, 16389, 16219, 16084
16432, 16432, 16300, 13498, 13531
13362, 13362, 13341, 13191, 13084
13423, 13423, 13321, 13161, 13070
13205, 13205, 13153, 13175, 13111
13264, 13264, 13110, 13221, 13153
13347, 13347, 13229, 13234, 13148
13347, 13347, 13179, 13131, 13080
16567, 16567, 16422, 16440, 16337
16095, 16088, 15968, 16095, 15974
15721, 13462, 13370, 15617, 15721
16150, 16150, 15996, 13147, 13105
13377, 13377, 13255, 13219, 13201
13273, 13273, 13124, 13132, 13046
17975, 15537, 15438, 17945, 17975
16406, 16406, 16267, 16330, 16228
15793, 13604, 13477, 15674, 15793
13492, 13410, 13136, 13492, 13366
16701, 16701, 16536, 16432, 16309
