highest,rank0,rank1,rank2,rank3
9011669,8953223,8263563,8267801,9011669
8449339,8339809,7412614,7453989,8449339
4195988,4195623,3199891,3244752,4195988
4159489,4159489,3188014,3248146,4126994
4130381,4130381,3140958,3210479,4078999
4117127,4117127,3120565,3197409,4065588
4111776,4111776,3124028,3195123,4072420
4106402,4106402,3102450,3196089,4061011
4100270,4100270,3098638,3200837,4058830
4106202,4106202,3104137,3190829,4062277
4095330,4095330,3092953,3178468,4062795
4091147,4091147,3104361,3181619,4046991
4115383,4115383,3109159,3193459,4065179
4101413,4101413,3109991,3195269,4053974
4103954,4103954,3113792,3191111,4055173
4099388,4099388,3105468,3185794,4055521
4093532,4093532,3113756,3189804,4050994
4107630,4107630,3095605,3189032,4058519
4097318,4097318,3095973,3191932,4061539
4104228,4104228,3092702,3176883,4066727
4102920,4102920,3096385,3182752,4059265
4097874,4097874,3092427,3169461,4058883
4103150,4103150,3104176,3191538,4049789
4101330,4101330,3101685,3182967,4044860
4103506,4103506,3110975,3192167,4052637
4106316,4106316,3093271,3183216,4062429
4093864,4093864,3116992,3193660,4050353
4101496,4101496,3093053,3192847,4062415
4097377,4097377,3089552,3191950,4056588
4097757,4097757,3095015,3187584,4058563
4110645,4110645,3088887,3175581,4060495
4096066,4096066,3090487,3173842,4039522
4098903,4098903,3113930,3199130,4036842
4105738,4105738,3103100,3191013,4051185
4097152,4097152,3098682,3171928,4043059
4105618,4105618,3109388,3188401,4061256
4097471,4097471,3109318,3184931,4046901
4102323,4102323,3082107,3179064,4058306
4093887,4093887,3089250,3177918,4054412
4089354,4089354,3083927,3183759,4049817
4093175,4093175,3095596,3181941,4061789
4097410,4097410,3098829,3181721,4058118
4093668,4093668,3105876,3191527,4043010
4108808,4108808,3105901,3188176,4056116
4101506,4101506,3105401,3191027,4047906
4102109,4102109,3112293,3186306,4054975
4102216,4102216,3108011,3181353,4062330
4098518,4098518,3080499,3176657,4060592
4107299,4107299,3082320,3172603,4056429
4090941,4090941,3081408,3166987,4050510
4089197,4089197,3096956,3180979,4050408
4097771,4097771,3095345,3177851,4050658
4100588,4100588,3097683,3183330,4049001
4104663,4104663,3099802,3185325,4047433
4101692,4101692,3107459,3194913,4046588
4097522,4097522,3111627,3189127,4052049
4094406,4094406,3090664,3187655,4056420
4089206,4089206,3075240,3177899,4050687
4099735,4099735,3090692,3178479,4060255
4093046,4093046,3077409,3175711,4049293
4096894,4096894,3088856,3183360,4052762
4103791,4103791,3087251,3173120,4055065
4098445,4098445,3101065,3186624,4040741
4112400,4112400,3105904,3191096,4055796
4104288,4104288,3106847,3193524,4054492
4099087,4099087,3084485,3175978,4052763
4109843,4109843,3079280,3184568,4069878
4097216,4097216,3074425,3178802,4054630
4101542,4101542,3090444,3182671,4059499
4097809,4097809,3083230,3178495,4057710
4101845,4101845,3087696,3178762,4062577
4104527,4104527,3099276,3185493,4046506
4090562,4090562,3092605,3182719,4039573
4100757,4100757,3096013,3186191,4050671
4098653,4098653,3100378,3178993,4059858
4098711,4098711,3096243,3177495,4054812
4101420,4101420,3098358,3201151,4057516
4097657,4097657,3086757,3184289,4055903
4093292,4093292,3083466,3176537,4055438
4101583,4101583,3095673,3186683,4061770
4097400,4097400,3096571,3178938,4051002
4101416,4101416,3096747,3188013,4050718
4097474,4097474,3096627,3183362,4049081
4082747,4082747,3089045,3175049,4032384
4108862,4108862,3099701,3182012,4061775
4096559,4096559,3098008,3177200,4047086
4094129,4094129,3083957,3186577,4055275
4101855,4101855,3075267,3177945,4058341
4092053,4092053,3086886,3181596,4054033
4110324,4110324,3077262,3171574,4056819
4096792,4096792,3088834,3174334,4059027
4101723,4101723,3097810,3188522,4047358
4105892,4105892,3097577,3183242,4047662
4095917,4095917,3096634,3178129,4043436
4095203,4095203,3092729,3172430,4057093
4094982,4094982,3093996,3171353,4051884
4097514,4097514,3088088,3190620,4058794
4105634,4105634,3092334,3199136,4060140
4091736,4091736,3076129,3167195,4050525
4104664,4104664,3090776,3185144,4064587
4101059,4101059,3088956,3178777,4050851
4100894,4100894,3097041,3190036,4050762
4100383,4100383,3101509,3189879,4051654
4096015,4096015,3095366,3179692,4041120
4101550,4101550,3093086,3178852,4055523
4102128,4102128,3094628,3175296,4054439
4093202,4093202,3069389,3175231,4046819
4109914,4109914,3092828,3192079,4059142
4085791,4085791,3069599,3160206,4045057
4100731,4100731,3088923,3184614,4062418
4102438,4102438,3085150,3172665,4049067
4094625,4094625,3094398,3182522,4039854
4095809,4095809,3094905,3184846,4039555
4099434,4099434,3091563,3177735,4056783
4096327,4096327,3090699,3171405,4055286
4107415,4107415,3119125,3201178,4060943
4097263,4097263,3075313,3181371,4058447
4097844,4097844,3078390,3182199,4054674
4089770,4089770,3069368,3163297,4050600
4093593,4093593,3085182,3179197,4054971
4104951,4104951,3087328,3176881,4050961
4097699,4097699,3095172,3189019,4045445
4093081,4093081,3097688,3187369,4047293
4105511,4105511,3090802,3176193,4050791
4098249,4098249,3090786,3173468,4052123
4105196,4105196,3101263,3178064,4054696
4089934,4089934,3073667,3172694,4046836
4098413,4098413,3077897,3185582,4054710
4097792,4097792,3081596,3171967,4054212
4104852,4104852,3077460,3169912,4054527
4096623,4096623,3090355,3175631,4048974
4098274,4098274,3092165,3184497,4037097
4096243,4096243,3094162,3183934,4039458
4103180,4103180,3103744,3186797,4053397
4102099,4102099,3086257,3166725,4059795
4101308,4101308,3095626,3179322,4055422
4094036,4094036,3074134,3178558,4062572
4089179,4089179,3081770,3171616,4046653
4098410,4098410,3082286,3176379,4059537
4105691,4105691,3082923,3176823,4064852
4109778,4109778,3084584,3168447,4058920
4105084,4105084,3091483,3183416,4049030
4101228,4101228,3095154,3179964,4042922
4109495,4109495,3098971,3180620,4063570
4095282,4095282,3104326,3183625,4056716
4101730,4101730,3078734,3182907,4051404
4098240,4098240,3087346,3193526,4055144
4092580,4092580,3077513,3167491,4046737
4108222,4108222,3090446,3186489,4067457
4095617,4095617,3088837,3175108,4055999
4092791,4092791,3095004,3184452,4042659
4101347,4101347,3095361,3185545,4047087
4103509,4103509,3092921,3179472,4045275
4097613,4097613,3094917,3176195,4047558
4099077,4099077,3091350,3173372,4063829
4097216,4097216,3074011,3174628,4053939
4120765,4120765,3083954,3179410,4073781
4097318,4097318,3075113,3168520,4058084
4106109,4106109,3090901,3184537,4062235
4101307,4101307,3090207,3176626,4055409
4104996,4104996,3101232,3189566,4055342
4097373,4097373,3102814,3184178,4042756
4102044,4102044,3095308,3171070,4047686
4098716,4098716,3115719,3194774,4063071
4100777,4100777,3095834,3171712,4058318
4093909,4093909,3078975,3183902,4055313
4098121,4098121,3087014,3177519,4059280
4091614,4091614,3074910,3165952,4055377
4088701,4088701,3080528,3172095,4047193
4098096,4098096,3099103,3184389,4054934
4097137,4097137,3093761,3182226,4042769
4101965,4101965,3099571,3184851,4043430
4101192,4101192,3091744,3178786,4051256
4098749,4098749,3107081,3188545,4051798
4104662,4104662,3094906,3179464,4054758
4082589,4082589,3075323,3175941,4039202
4092496,4092496,3067522,3177499,4049541
4099124,4099124,3072795,3164917,4061405
4113075,4113075,3094866,3184572,4070750
4102050,4102050,3093258,3181305,4047891
4097239,4097239,3089158,3179323,4046626
4101624,4101624,3099505,3190784,4051662
4105488,4105488,3097888,3181023,4050507
4090128,4090128,3093811,3176834,4043547
4102213,4102213,3099964,3179166,4057058
4097658,4097658,3075527,3179876,4054499
4095687,4095687,3071780,3178279,4050090
4099617,4099617,3077953,3171277,4068775
4097816,4097816,3075613,3169813,4051049
4093461,4093461,3082279,3172563,4042827
4093683,4093683,3096487,3189058,4048521
4094371,4094371,3093342,3181121,4040423
4097695,4097695,3100959,3188248,4047411
4095804,4095804,3088326,3169831,4051075
4102025,4102025,3098530,3180982,4057953
4085712,4085712,3073953,3172163,4041673
4109390,4109390,3074103,3179801,4064516
4099754,4099754,3078368,3171495,4056496
4096745,4096745,3075891,3172689,4055774
4101813,4101813,3080760,3169412,4056710
4096286,4096286,3095996,3183300,4039944
4090836,4090836,3094465,3182859,4040767
4101591,4101591,3097402,3180124,4055169
4097671,4097671,3089106,3173156,4059466
4097189,4097189,3100765,3179734,4050137
4097967,4097967,3072895,3177238,4063364
4107422,4107422,3072447,3177556,4054160
4094664,4094664,3082098,3175821,4064040
4090990,4090990,3085373,3178674,4056716
4105636,4105636,3088659,3177402,4054569
4100713,4100713,3105913,3195361,4054933
4090291,4090291,3089899,3177302,4040354
4096363,4096363,3096211,3177235,4043545
4098696,4098696,3093892,3176736,4055708
4093303,4093303,3088929,3169431,4043809
4095663,4095663,3080870,3178730,4051069
4101120,4101120,3078959,3186917,4052601
4097241,4097241,3077730,3168898,4060020
4101079,4101079,3087940,3185678,4055206
4093697,4093697,3078100,3165026,4042992
4097930,4097930,3098110,3191544,4046966
4093090,4093090,3093903,3179843,4039961
4100980,4100980,3089829,3173097,4046810
4102500,4102500,3091616,3174181,4057329
4086843,4086843,3098430,3181345,4045052
4097602,4097602,3078388,3176931,4060347
4101420,4101420,3073352,3180146,4058765
4094492,4094492,3073422,3166095,4057529
4105136,4105136,3088639,3180525,4065613
4097429,4097429,3090919,3176885,4044244
4103550,4103550,3100854,3191772,4049994
4098779,4098779,3099108,3187629,4044760
4096938,4096938,3090181,3175127,4047175
4105877,4105877,3095545,3177647,4057268
4091038,4091038,3106402,3186205,4044962
4101800,4101800,3073368,3175997,4061880
4107970,4107970,3072775,3184065,4058270
4097419,4097419,3073561,3166228,4059454
4101504,4101504,3089729,3181527,4063196
4093278,4093278,3087795,3174398,4044299
4100905,4100905,3097852,3189572,4047237
4097791,4097791,3110414,3194917,4048812
4100667,4100667,3091035,3179314,4048686
4101742,4101742,3102638,3184636,4052089
4103654,4103654,3095575,3174024,4059314
4095350,4095350,3071742,3174922,4056905
4103541,4103541,3077568,3169361,4058416
4095734,4095734,3079766,3171001,4053287
4105374,4105374,3078123,3170088,4068088
4103450,4103450,3085572,3175675,4054585
4099612,4099612,3080887,3176194,4045673
4112891,4112891,3098017,3186965,4058343
4089870,4089870,3099205,3181861,4043821
4106073,4106073,3095271,3175523,4075614
4094820,4094820,3070689,3174352,4051805
4089221,4089221,3084941,3192692,4046720
4095897,4095897,3077761,3173892,4054379
4098275,4098275,3094377,3187611,4067380
4094875,4094875,3087936,3178754,4060376
4105256,4105256,3094463,3183353,4052675
4097297,4097297,3090739,3183747,4048252
4101503,4101503,3099433,3185693,4050730
4093726,4093726,3095435,3181058,4055979
4099101,4099101,3110411,3189011,4054019
4106643,4106643,3072847,3172087,4062337
4091768,4091768,3071626,3175670,4045953
4102650,4102650,3083016,3177009,4060245
4104085,4104085,3082366,3174103,4062728
4095670,4095670,3080949,3171095,4052857
4104580,4104580,3101948,3193387,4054500
4098343,4098343,3091877,3183727,4040797
4100342,4100342,3102551,3190009,4051371
4097051,4097051,3088401,3179916,4058818
4092272,4092272,3102990,3188296,4059467
4099346,4099346,3082604,3194091,4059034
4096628,4096628,3069057,3172488,4049238
4089117,4089117,3082995,3165225,4050002
4111830,4111830,3086530,3178004,4059956
4090413,4090413,3086414,3176233,4049208
4089966,4089966,3092996,3192273,4041972
4092607,4092607,3090506,3186880,4035283
4099908,4099908,3100019,3189676,4039660
4093319,4093319,3096478,3175962,4047718
4083636,4083636,3092788,3171630,4037542
4104335,4104335,3086961,3189519,4060023
4097717,4097717,3064208,3171178,4054344
4102381,4102381,3072119,3168658,4056348
4105564,4105564,3083146,3175227,4062975
4097521,4097521,3087834,3176442,4059404
4102494,4102494,3100244,3193823,4051374
4096545,4096545,3087201,3184837,4043126
4101533,4101533,3088978,3177065,4052539
4105495,4105495,3092456,3174848,4061607
4085400,4085400,3099655,3182141,4036396
4099303,4099303,3092753,3190224,4058808
4101168,4101168,3083304,3183928,4058154
4099022,4099022,3079607,3175628,4047053
4104771,4104771,3083686,3177159,4070267
4101968,4101968,3091458,3178024,4055279
4097734,4097734,3089451,3181493,4048615
4106077,4106077,3096778,3185189,4065699
4102188,4102188,3102855,3182690,4055799
4098613,4098613,3096121,3181858,4062275
4107451,4107451,3094839,3171923,4058674
4098328,4098328,3068934,3172307,4052155
4101640,4101640,3076099,3182551,4055185
4095073,4095073,3076207,3171495,4050780
4103762,4103762,3082884,3177124,4060248
4101123,4101123,3086512,3175770,4049023
4105127,4105127,3093177,3187533,4051255
4093569,4093569,3093379,3183951,4048301
4097851,4097851,3101536,3184269,4048676
4098334,4098334,3101083,3187259,4052487
4100991,4100991,3091753,3167680,4062992
4093810,4093810,3061248,3168934,4056323
4098316,4098316,3080852,3179715,4051851
4094187,4094187,3072925,3163676,4059602
4093670,4093670,3084262,3181029,4059451
4105051,4105051,3088169,3183106,4059151
4095473,4095473,3083682,3173625,4041697
4101911,4101911,3093637,3179237,4047689
4101589,4101589,3089493,3182997,4047415
4097282,4097282,3093414,3174507,4060074
4098658,4098658,3094396,3173439,4048011
4100301,4100301,3071708,3173124,4058528
4095638,4095638,3073137,3167415,4063677
4092441,4092441,3071814,3164436,4054346
4097473,4097473,3084766,3181190,4060406
4100941,4100941,3089883,3180009,4048889
4093587,4093587,3094103,3186628,4044930
4095493,4095493,3090853,3188247,4047563
4096451,4096451,3093486,3179756,4051925
4097553,4097553,3090141,3175168,4055552
4095007,4095007,3109988,3191401,4057364
4098947,4098947,3069246,3174559,4064070
4100000,4100000,3072002,3181585,4052948
4101385,4101385,3077166,3175660,4062878
4101134,4101134,3085148,3175979,4058552
4102221,4102221,3088280,3188083,4052971
4108819,4108819,3090763,3184312,4055804
4096795,4096795,3091729,3182441,4045138
4100944,4100944,3086446,3188192,4045174
4083604,4083604,3083638,3169879,4045453
4094411,4094411,3096355,3180119,4049875
4097809,4097809,3073535,3180296,4057123
4094569,4094569,3069578,3180837,4044187
4112410,4112410,3081130,3176306,4072212
4093216,4093216,3069742,3168380,4051964
4097919,4097919,3094939,3189799,4047409
4100881,4100881,3090470,3185999,4052347
4093086,4093086,3090582,3179829,4039626
4110888,4110888,3092711,3177725,4053562
4093746,4093746,3094566,3171514,4052272
4090879,4090879,3069782,3171236,4045126
4105387,4105387,3069512,3178406,4066459
4089889,4089889,3069291,3164259,4046757
4097065,4097065,3076238,3171526,4058070
4097803,4097803,3078058,3172498,4056118
4097648,4097648,3087808,3178557,4043963
4102841,4102841,3092171,3192813,4049262
4089932,4089932,3091205,3180207,4040242
4093627,4093627,3099090,3183737,4044206
4100956,4100956,3086670,3175647,4063569
4094047,4094047,3086804,3168402,4057492
4097879,4097879,3070576,3171801,4055440
4101332,4101332,3070166,3174661,4066670
4100420,4100420,3082438,3175793,4059258
4091724,4091724,3076665,3173746,4053797
4089770,4089770,3079445,3168392,4044592
4101214,4101214,3099828,3184851,4049132
4094188,4094188,3091811,3180966,4046417
4089581,4089581,3086590,3180916,4033254
4105325,4105325,3099426,3179384,4063152
4094008,4094008,3094962,3171892,4048819
4103103,4103103,3073812,3172288,4057283
4096265,4096265,3073188,3177015,4053992
4092651,4092651,3074789,3170941,4052216
4109831,4109831,3075675,3173714,4068103
4095208,4095208,3092461,3185201,4046557
4090120,4090120,3092462,3191324,4040610
4103925,4103925,3094920,3183552,4052154
4094766,4094766,3085556,3170901,4041504
4100672,4100672,3106986,3191569,4061164
4095294,4095294,3092454,3178453,4054170
4098080,4098080,3079009,3184889,4049972
4099909,4099909,3074879,3186834,4052111
4087544,4087544,3073211,3167461,4049275
4106867,4106867,3087063,3180275,4064049
4100044,4100044,3086222,3179590,4055072
4083512,4083512,3087127,3179695,4030649
4105629,4105629,3091851,3181263,4055817
4097308,4097308,3087610,3175337,4045059
4098276,4098276,3091390,3177666,4056861
4089327,4089327,3087292,3171551,4048142
4100371,4100371,3079465,3185433,4054358
4110523,4110523,3069136,3179862,4066585
4101635,4101635,3079798,3173196,4060274
4097773,4097773,3079204,3172844,4058671
4099994,4099994,3076608,3165217,4054516
4099370,4099370,3092139,3186475,4046387
4098785,4098785,3097752,3184963,4042078
4100859,4100859,3092209,3175748,4048328
4098050,4098050,3088712,3177079,4061029
4093558,4093558,3088694,3177823,4051637
4093802,4093802,3067562,3172951,4052654
4098486,4098486,3072074,3185714,4050241
4093281,4093281,3075308,3172289,4047150
4096988,4096988,3079633,3175399,4052339
4090436,4090436,3081917,3169121,4044731
4100838,4100838,3089391,3183460,4052372
4097693,4097693,3092356,3181011,4048794
4090488,4090488,3094173,3177755,4033748
4093316,4093316,3089453,3172217,4062643
4097832,4097832,3089402,3172544,4049481
4088467,4088467,3069285,3175683,4051862
4105331,4105331,3085730,3196020,4059685
4091793,4091793,3078815,3178970,4050737
4100629,4100629,3072497,3169806,4063436
4101723,4101723,3090251,3177474,4048921
4097294,4097294,3093903,3187991,4041121
4101348,4101348,3100959,3188995,4048256
4101218,4101218,3089769,3177334,4049557
4099536,4099536,3085699,3169410,4057030
4106973,4106973,3095453,3178094,4058051
4094751,4094751,3069962,3167224,4050767
4098087,4098087,3069302,3180484,4056057
4101590,4101590,3073231,3169372,4060028
4094489,4094489,3077113,3169362,4056142
4095997,4095997,3094211,3181568,4047830
4090499,4090499,3091301,3178518,4046197
4086616,4086616,3088651,3182377,4041078
4103895,4103895,3088411,3186487,4051913
4144920,4144920,3137952,3222539,4098788
4097738,4097738,3074215,3178407,4050506
4088083,4088083,3074435,3185220,4049965
4093037,4093037,3072577,3165435,4055515
4101662,4101662,3088664,3184447,4066279
4089639,4089639,3065258,3164798,4052854
5637904,5637904,3081464,3174094,5590035
4096324,4096324,3065399,3170228,4051385
4099110,4099110,3073886,3169905,4057218
4097435,4097435,3084741,3175433,4055735
4099618,4099618,3085770,3177723,4061678
4099120,4099120,3083799,3179562,4042643
4092119,4092119,3078886,3168676,4041146
4102426,4102426,3096919,3186901,4044622
4098232,4098232,3098309,3183794,4053510
4095841,4095841,3105388,3186640,4045082
4092169,4092169,3074550,3178270,4045998
4099469,4099469,3073082,3169996,4047804
4096521,4096521,3075583,3168641,4059016
4101176,4101176,3085024,3176968,4066300
4097795,4097795,3081990,3177551,4056493
4094447,4094447,3087142,3177843,4040609
4098102,4098102,3098625,3183989,4045617
4101542,4101542,3090534,3181197,4044378
4094048,4094048,3090556,3174124,4045719
4085675,4085675,3086479,3169498,4037855
4103959,4103959,3073972,3181110,4058845
4099100,4099100,3068083,3171499,4058246
4107783,4107783,3070631,3168457,4060533
4099566,4099566,3084132,3179009,4062727
4097333,4097333,3078960,3173805,4053227
4108222,4108222,3086560,3178587,4052313
4098050,4098050,3097059,3187089,4045467
4094472,4094472,3094546,3177693,4042145
4101365,4101365,3098728,3181031,4060141
4093021,4093021,3086154,3170479,4046121
4089403,4089403,3079147,3186410,4053266
4097629,4097629,3067627,3170240,4057670
4095933,4095933,3071065,3166191,4052691
4096579,4096579,3068640,3163691,4061696
4096936,4096936,3078222,3173709,4049407
4102035,4102035,3087742,3177898,4048768
4093346,4093346,3084584,3178203,4041546
4089537,4089537,3087732,3173802,4038491
4106692,4106692,3099151,3184414,4052608
4091634,4091634,3089667,3169366,4041002
4091795,4091795,3080041,3182667,4049388
4101602,4101602,3066414,3177244,4059854
4091101,4091101,3066390,3161524,4059288
4097548,4097548,3072562,3168592,4062954
4099743,4099743,3084373,3176375,4054741
4094826,4094826,3079695,3172422,4050303
4100334,4100334,3092823,3193852,4048374
4090090,4090090,3093683,3178447,4037690
4101760,4101760,3099767,3180237,4052506
4093858,4093858,3084336,3173625,4056406
4087112,4087112,3088926,3171896,4045040
4105148,4105148,3075182,3177486,4064092
4091858,4091858,3067566,3178673,4053451
4095584,4095584,3081342,3177057,4059326
4099897,4099897,3082750,3178081,4063363
4094838,4094838,3080050,3164186,4043806
4100965,4100965,3097717,3186479,4050422
4097011,4097011,3087899,3176639,4034950
4090961,4090961,3093067,3179553,4036840
4097451,4097451,3095598,3179379,4045180
4097471,4097471,3099662,3181656,4052485
4100166,4100166,3071459,3177539,4048696
4092933,4092933,3080039,3175789,4053798
4092342,4092342,3073613,3168502,4049916
4096902,4096902,3073289,3175428,4054276
4093246,4093246,3083891,3170598,4047716
4091390,4091390,3093597,3186761,4041812
4099902,4099902,3095826,3182317,4058031
4093489,4093489,3097433,3184225,4043788
4102749,4102749,3080853,3179228,4062277
4089480,4089480,3079778,3162040,4047305
4101556,4101556,3075837,3182816,4056708
4097821,4097821,3068092,3174941,4064994
4096488,4096488,3067449,3165298,4055729
4107628,4107628,3083495,3186357,4059414
4090581,4090581,3085174,3176208,4046561
4103353,4103353,3104453,3198232,4049031
4098744,4098744,3096632,3184082,4046895
4100767,4100767,3089021,3171244,4045430
4105964,4105964,3088888,3176700,4053979
4089527,4089527,3092902,3171962,4042182
4093574,4093574,3076140,3182981,4053578
4098206,4098206,3071830,3175001,4052977
4096985,4096985,3067449,3167087,4055359
4103937,4103937,3075415,3174287,4062075
4090687,4090687,3089500,3176993,4046788
4098245,4098245,3092543,3188777,4041532
4102862,4102862,3094899,3185333,4047717
4099237,4099237,3099422,3184683,4042686
4099509,4099509,3097570,3183292,4052967
4088215,4088215,3093997,3172995,4050501
4100117,4100117,3079476,3182081,4063431
4104152,4104152,3069020,3183299,4061786
4093678,4093678,3066860,3166202,4055049
4101590,4101590,3077898,3177046,4058719
4095454,4095454,3079826,3169699,4042828
4092588,4092588,3083639,3180875,4044372
4105821,4105821,3098161,3195642,4061631
4101739,4101739,3084869,3173014,4045761
4097704,4097704,3085376,3169755,4052777
4094851,4094851,3098368,3178936,4051416
4090342,4090342,3080483,3187652,4053498
4099960,4099960,3075936,3185048,4059225
4094123,4094123,3077303,3168914,4050961
4096095,4096095,3080844,3176491,4053423
4100141,4100141,3088658,3172524,4050887
4095304,4095304,3092590,3184051,4044695
4103659,4103659,3099288,3187510,4047202
4104072,4104072,3096016,3180200,4056489
4103367,4103367,3096861,3182331,4056128
4098071,4098071,3097910,3179742,4056067
4099590,4099590,3067903,3171436,4051275
4098399,4098399,3065571,3173557,4064937
4094538,4094538,3066377,3165145,4053997
4095963,4095963,3076950,3173212,4056518
4094934,4094934,3092565,3188423,4047570
4097981,4097981,3098807,3192514,4049874
4098869,4098869,3094104,3182580,4045754
4104206,4104206,3092770,3169684,4044223
4102390,4102390,3086315,3176041,4055018
4100602,4100602,3087618,3193318,4052439
4093857,4093857,3061809,3168317,4049463
4101356,4101356,3085611,3179292,4061031
4097696,4097696,3074028,3168963,4060418
4094491,4094491,3074849,3173961,4058216
4093917,4093917,3079470,3171044,4047517
4101287,4101287,3090253,3187791,4052622
4095385,4095385,3090443,3178931,4046302
4095430,4095430,3091861,3176462,4048862
4096043,4096043,3083219,3172520,4050243
4097038,4097038,3096984,3179379,4054810
4096434,4096434,3063974,3178355,4055140
4092325,4092325,3065450,3171042,4045148
4099252,4099252,3071094,3168319,4050099
4106702,4106702,3080677,3175037,4055589
4099018,4099018,3083830,3177627,4052441
4097287,4097287,3075882,3176500,4042121
4094333,4094333,3080843,3173670,4046461
4105510,4105510,3091610,3172262,4054695
4097755,4097755,3092978,3172799,4051642
4098013,4098013,3092531,3175251,4051083
4099086,4099086,3066051,3177540,4052460
4097798,4097798,3080524,3170488,4061011
4097738,4097738,3067858,3169670,4059089
4094870,4094870,3074885,3166024,4056378
4097248,4097248,3075829,3165648,4052532
4094573,4094573,3083879,3172047,4045327
4087643,4087643,3089678,3179806,4035194
4103296,4103296,3096795,3186234,4046494
4100982,4100982,3095406,3177337,4049231
4094730,4094730,3087998,3171889,4045205
4105467,4105467,3074782,3184280,4052976
4092266,4092266,3074817,3173460,4056651
4101856,4101856,3076308,3169074,4058693
4097256,4097256,3076597,3170710,4053966
4095930,4095930,3082206,3174919,4044147
4104229,4104229,3087723,3179499,4049715
4094437,4094437,3084620,3173443,4035444
4093722,4093722,3099207,3176881,4038975
4105898,4105898,3114741,3196589,4059230
4094078,4094078,3083888,3167544,4048244
4097389,4097389,3070539,3180111,4052963
4099818,4099818,3067175,3172574,4058668
4095281,4095281,3069270,3170525,4050251
4112783,4112783,3079174,3175457,4064380
4090350,4090350,3077472,3164614,4038534
4097922,4097922,3091933,3181990,4041495
4099553,4099553,3087365,3177011,4049567
4102481,4102481,3086283,3176088,4047592
4099835,4099835,3093004,3177970,4053811
4088731,4088731,3090872,3170420,4046278
4088545,4088545,3079215,3180943,4049493
4097661,4097661,3069100,3173219,4058627
4090037,4090037,3065451,3164630,4046119
4110160,4110160,3081215,3178933,4062243
4095324,4095324,3077298,3171233,4047556
4097565,4097565,3082132,3177269,4050113
4097874,4097874,3090618,3178809,4045304
4106575,4106575,3088211,3176355,4053879
4090194,4090194,3095431,3175970,4046933
4089285,4089285,3086876,3171312,4042601
4094205,4094205,3075352,3179731,4057480
4104945,4104945,3071473,3183157,4065187
4094352,4094352,3073153,3166505,4062197
4096660,4096660,3080413,3171898,4049655
4108233,4108233,3078878,3171463,4055425
4092326,4092326,3083173,3180763,4036702
4094372,4094372,3089130,3185853,4042282
4098841,4098841,3085201,3170627,4044041
4097527,4097527,3096740,3185434,4050132
4094599,4094599,3091995,3172071,4051326
4096285,4096285,3067251,3173397,4062118
4106741,4106741,3072890,3185288,4057544
4092060,4092060,3067609,3165813,4048549
4098859,4098859,3081400,3178756,4057087
4097016,4097016,3086045,3176679,4044947
4102579,4102579,3093532,3189745,4055053
4094182,4094182,3093019,3185009,4042999
4099833,4099833,3096902,3177087,4052301
4095046,4095046,3091250,3175283,4052596
4090640,4090640,3093402,3173960,4045479
4091304,4091304,3066288,3174649,4047923
4106088,4106088,3073112,3185034,4073307
4092242,4092242,3076477,3170068,4054623
4090761,4090761,3078040,3176312,4050900
4097602,4097602,3085948,3174174,4054634
4086489,4086489,3085145,3185908,4038784
4096123,4096123,3092439,3181137,4043715
4090982,4090982,3091930,3176187,4045746
4098893,4098893,3090392,3175107,4056788
4101186,4101186,3097209,3176705,4058436
4094248,4094248,3069586,3176445,4054163
4104186,4104186,3081123,3177995,4068606
4099265,4099265,3070909,3167480,4061078
4104354,4104354,3085211,3186121,4061565
4097975,4097975,3082523,3175019,4055911
4090363,4090363,3098091,3185564,4038376
4109232,4109232,3099175,3190464,4049772
4101938,4101938,3088457,3178144,4053733
4088486,4088486,3093881,3177417,4045162
4095888,4095888,3090607,3175011,4051528
4092632,4092632,3068671,3172461,4056983
4096171,4096171,3069362,3177126,4058026
4108001,4108001,3072217,3169588,4068441
4101554,4101554,3082131,3178620,4052560
4098512,4098512,3084589,3170578,4045661
4097279,4097279,3094142,3188418,4049442
4089997,4089997,3091743,3181795,4043739
4105852,4105852,3095039,3181317,4055900
4099634,4099634,3097844,3184405,4054733
4095269,4095269,3087310,3174639,4047331
4097461,4097461,3069962,3180814,4060708
4092001,4092001,3086199,3193258,4053761
4098801,4098801,3076003,3169069,4051051
4097256,4097256,3078960,3175845,4051007
4098563,4098563,3084303,3171693,4055157
4104111,4104111,3093610,3195029,4046760
4096722,4096722,3084741,3171095,4044025
4112847,4112847,3101470,3186388,4057753
4098343,4098343,3093682,3174030,4060866
4093278,4093278,3090167,3176525,4050732
4100203,4100203,3077946,3184974,4055201
4095696,4095696,3067780,3178302,4058979
4098818,4098818,3069957,3170877,4053059
4098770,4098770,3080049,3181526,4059977
4086617,4086617,3068112,3159517,4042958
4109382,4109382,3087084,3179220,4051843
4096788,4096788,3090835,3167852,4047208
4101841,4101841,3103563,3189600,4055235
4113044,4113044,3094132,3183222,4051414
4096007,4096007,3088253,3173531,4047314
4100563,4100563,3072249,3179838,4054487
4099960,4099960,3069534,3179650,4056089
4088847,4088847,3070757,3167160,4050395
4103788,4103788,3076667,3173655,4058662
4095692,4095692,3068682,3155776,4042855
4100196,4100196,3082233,3179316,4047502
4096833,4096833,3091035,3177995,4046929
4097230,4097230,3083949,3173508,4049197
4101427,4101427,3094249,3172356,4056381
4092011,4092011,3081825,3164020,4048569
4097049,4097049,3086106,3195746,4056695
4098198,4098198,3072010,3178400,4053239
4089249,4089249,3089432,3181404,4045182
4102458,4102458,3072024,3168253,4058288
4093773,4093773,3074260,3166588,4042430
4105023,4105023,3094331,3195400,4042677
4101359,4101359,3087540,3175295,4043220
4096835,4096835,3088108,3171163,4043761
4102712,4102712,3082055,3175838,4048244
4094293,4094293,3083956,3171576,4050748
4093892,4093892,3070944,3178864,4049780
4107848,4107848,3071228,3171194,4066919
4090963,4090963,3065448,3165229,4055818
4097445,4097445,3079475,3175380,4054392
4094686,4094686,3068551,3170796,4043105
4097814,4097814,3075927,3173011,4042319
4109035,4109035,3083864,3174483,4045859
4093227,4093227,3090756,3170579,4044430
4099506,4099506,3099583,3186923,4054388
4094965,4094965,3078444,3184297,4049062
4087338,4087338,3065410,3176505,4046447
4101216,4101216,3067823,3183438,4057825
4091853,4091853,3072220,3172120,4054493
4110154,4110154,3078141,3177244,4063814
4089442,4089442,3067386,3161546,4041125
4088130,4088130,3078693,3178305,4037296
4097775,4097775,3088362,3180470,4046030
4101910,4101910,3091699,3183439,4049444
4097365,4097365,3087703,3175571,4053995
4094205,4094205,3086668,3164273,4051063
4089854,4089854,3060211,3167519,4045716
4100686,4100686,3072051,3185871,4061802
4094730,4094730,3084573,3181496,4051134
4093173,4093173,3078992,3175430,4048845
4101551,4101551,3082324,3170993,4056934
4092237,4092237,3076752,3174120,4034411
4103413,4103413,3094453,3185864,4051866
4104735,4104735,3094659,3182811,4049816
4094177,4094177,3097545,3180434,4047429
4096767,4096767,3104492,3193362,4051472
4094215,4094215,3069937,3174653,4050955
4103890,4103890,3069985,3187479,4066161
4098777,4098777,3071188,3171339,4057988
4096266,4096266,3078272,3183828,4057580
4106581,4106581,3091275,3182722,4049338
4092632,4092632,3091643,3185608,4039767
4092911,4092911,3089881,3178392,4046320
4090056,4090056,3081877,3168285,4043797
4086519,4086519,3100286,3187808,4050172
4099370,4099370,3108731,3194573,4059536
4092097,4092097,3066805,3177825,4049026
4101893,4101893,3084120,3189415,4068995
4097846,4097846,3068183,3164175,4053921
4095544,4095544,3072259,3167531,4046293
4098727,4098727,3069708,3164165,4059053
4094628,4094628,3076083,3171355,4048041
4096377,4096377,3082424,3175748,4045711
4106662,4106662,3091539,3180503,4056224
4097212,4097212,3086259,3176148,4061538
4103061,4103061,3098298,3179634,4062011
4098745,4098745,3084283,3188817,4054040
4095584,4095584,3068852,3174975,4053951
4102084,4102084,3071543,3170663,4055253
4091635,4091635,3078169,3172651,4050395
4092589,4092589,3089423,3175586,4050010
4095158,4095158,3079435,3172683,4040177
4085941,4085941,3082084,3176245,4035111
4101196,4101196,3097036,3188089,4047506
4101574,4101574,3086782,3171930,4057713
4089304,4089304,3094238,3178802,4049831
4094311,4094311,3073772,3183632,4058442
4095153,4095153,3065789,3175967,4061574
4089626,4089626,3079160,3176402,4052074
4094380,4094380,3079774,3183450,4066558
4091819,4091819,3087646,3181284,4056058
4100670,4100670,3086308,3181049,4049820
4094880,4094880,3078114,3174742,4043161
4092841,4092841,3093217,3182969,4037324
4094767,4094767,3094744,3176702,4047225
4093083,4093083,3081816,3170807,4045678
4106113,4106113,3094314,3178676,4054743
4093801,4093801,3069671,3178666,4052955
4099231,4099231,3069252,3167927,4056905
4100607,4100607,3071511,3166022,4062567
4104123,4104123,3062845,3159659,4058840
4095524,4095524,3079565,3176174,4043180
4091573,4091573,3076322,3170934,4045007
4105177,4105177,3086943,3176700,4046546
4102650,4102650,3091324,3179131,4047742
4094751,4094751,3103052,3187283,4057648
4094245,4094245,3068269,3178741,4049033
4095973,4095973,3063640,3172437,4063407
4095607,4095607,3065930,3162367,4057822
4100302,4100302,3069507,3168057,4057004
4093929,4093929,3066850,3156294,4054200
4097054,4097054,3077300,3172511,4049397
4097309,4097309,3080136,3173242,4047308
4091917,4091917,3084171,3178581,4038769
4107755,4107755,3088668,3188557,4053233
4090834,4090834,3080276,3168840,4042919
4104501,4104501,3094576,3179010,4057212
4095850,4095850,3071263,3176163,4055200
4099923,4099923,3061474,3163566,4059770
4097917,4097917,3063112,3165774,4054206
4087869,4087869,3071145,3169662,4045749
4096086,4096086,3079420,3165940,4049541
4099547,4099547,3076939,3172445,4051279
4095823,4095823,3089763,3180878,4041417
4102182,4102182,3088641,3173443,4052804
4089758,4089758,3099243,3183937,4050714
4093834,4093834,3099612,3181287,4050814
4095965,4095965,3071155,3176976,4061364
4095200,4095200,3065625,3175213,4052084
4093080,4093080,3071519,3164833,4051194
4096489,4096489,3065391,3166162,4054807
4088684,4088684,3084053,3179512,4038476
4105202,4105202,3089036,3181450,4058353
4098074,4098074,3095694,3184211,4042926
4107267,4107267,3095121,3185028,4055063
4096248,4096248,3090456,3179159,4052957
4090142,4090142,3094572,3177201,4047250
4108481,4108481,3072477,3181730,4062972
4094300,4094300,3080898,3182701,4055396
4094392,4094392,3072205,3169717,4054721
4099929,4099929,3075915,3173541,4051089
4088760,4088760,3078220,3155827,4039284
4104292,4104292,3076261,3174425,4045480
4089387,4089387,3087819,3176260,4038920
4090804,4090804,3083689,3169214,4035786
4106876,4106876,3101395,3184037,4053745
4094373,4094373,3083696,3164988,4050937
4098144,4098144,3071394,3184746,4058646
4102119,4102119,3078667,3183382,4065399
4094323,4094323,3086188,3179424,4053413
4110961,4110961,3085624,3180474,4064564
4096845,4096845,3076581,3165285,4053924
4096924,4096924,3093090,3185509,4047528
4095870,4095870,3082781,3175162,4040702
4093400,4093400,3091762,3178453,4036823
4101094,4101094,3099461,3178112,4057501
4093591,4093591,3088509,3174497,4050873
4101295,4101295,3075820,3185665,4061942
4094124,4094124,3068643,3178171,4058330
4097317,4097317,3068258,3165877,4048655
4100352,4100352,3076542,3173228,4054736
4102951,4102951,3089994,3182418,4059519
4100808,4100808,3096123,3196582,4050961
4097452,4097452,3085124,3180349,4046654
4100471,4100471,3096799,3180824,4042176
4092036,4092036,3083692,3169417,4054191
4097397,4097397,3081314,3168582,4054838
4090307,4090307,3061270,3161339,4059111
4106114,4106114,3072511,3184191,4066315
4093161,4093161,3068925,3165086,4053106
4095592,4095592,3066549,3163583,4055417
4104846,4104846,3075846,3169717,4052934
4094332,4094332,3077874,3171321,4038810
4101348,4101348,3089837,3181021,4038564
4103426,4103426,3092982,3180269,4051322
4094598,4094598,3099689,3188047,4052296
4105851,4105851,3109965,3196480,4065317
4092872,4092872,3061864,3176203,4046606
4108156,4108156,3078133,3190162,4063729
4096346,4096346,3075053,3179861,4059402
4099547,4099547,3073973,3168174,4062290
4094107,4094107,3077164,3160827,4048883
4091712,4091712,3076974,3168365,4037874
4085995,4085995,3093740,3181534,4046896
4100296,4100296,3089859,3174620,4050733
4091602,4091602,3088012,3171904,4048296
4104616,4104616,3101602,3189953,4061740
4092154,4092154,3075319,3178634,4053267
4100166,4100166,3069229,3184196,4058703
4094375,4094375,3066771,3168157,4055178
4090015,4090015,3081556,3178961,4050864
4107708,4107708,3078642,3167691,4062773
4099019,4099019,3078198,3171173,4044775
4099705,4099705,3094625,3184665,4045177
4109101,4109101,3086332,3174291,4055330
4089849,4089849,3082889,3170252,4055047
4100456,4100456,3090288,3182754,4051315
4091121,4091121,3066366,3174776,4051715
4103397,4103397,3085173,3202892,4055044
4095788,4095788,3067296,3164866,4048685
4089636,4089636,3075411,3171769,4053346
4095303,4095303,3072156,3164724,4048216
4094017,4094017,3082302,3171253,4047243
4095831,4095831,3090376,3186128,4042885
4103058,4103058,3100481,3187308,4048999
4092457,4092457,3094412,3185895,4039767
4091638,4091638,3088100,3175934,4047540
4091319,4091319,3082628,3173659,4054476
4093099,4093099,3066132,3174011,4050238
4099962,4099962,3074092,3171982,4062371
4096871,4096871,3059830,3159269,4056713
4090393,4090393,3069310,3161256,4049766
4101751,4101751,3072715,3165482,4054811
4094856,4094856,3092298,3184706,4045008
4109639,4109639,3092225,3182294,4055396
4095709,4095709,3082967,3170986,4051297
4102025,4102025,3092372,3175484,4054737
4095946,4095946,3067791,3173996,4047646
4099353,4099353,3069786,3175828,4058614
4097567,4097567,3071756,3172281,4056611
4100192,4100192,3060522,3160534,4058300
4091438,4091438,3074478,3168856,4054266
4106509,4106509,3072772,3169776,4060211
4098509,4098509,3079462,3174451,4052799
4104250,4104250,3092495,3192126,4056474
4089508,4089508,3086998,3170369,4047963
4086438,4086438,3095508,3174534,4046557
4108669,4108669,3078562,3184914,4070385
4091567,4091567,3070900,3176384,4055934
4095122,4095122,3070162,3164563,4053840
4096273,4096273,3072806,3173305,4056368
4089221,4089221,3086587,3174105,4056065
4102302,4102302,3075203,3167975,4046075
4092684,4092684,3090702,3180040,4039598
4092300,4092300,3085802,3172956,4041637
4101251,4101251,3087743,3170342,4053840
4096368,4096368,3083675,3166521,4050298
4098292,4098292,3079523,3185746,4048414
4096200,4096200,3063408,3177619,4058606
4106802,4106802,3092769,3191590,4059536
4104260,4104260,3087278,3180194,4051827
4089517,4089517,3072771,3160500,4056070
4098465,4098465,3080032,3170449,4044767
4094225,4094225,3091256,3185098,4039793
4093879,4093879,3087637,3178294,4040436
4102247,4102247,3097950,3183786,4056740
4092657,4092657,3093824,3177494,4052056
4091622,4091622,3068888,3177187,4045148
4103869,4103869,3075143,3187902,4065988
4088464,4088464,3072877,3168365,4048285
4097189,4097189,3074669,3170046,4057858
4092448,4092448,3066845,3166187,4054779
4094040,4094040,3083615,3178127,4047009
4099714,4099714,3092071,3183791,4044865
5657065,5657065,3090488,3179935,4045687
4091428,4091428,3062300,3162087,4053212
4110644,4110644,3091884,3183847,4051270
4096731,4096731,3083941,3180436,4037928
4101298,4101298,3091665,3184199,4050288
4103686,4103686,3092362,3179004,4053916
4098974,4098974,3086182,3167116,4053454
4095513,4095513,3089196,3180533,4049258
4096812,4096812,3063325,3173090,4059609
4091339,4091339,3060629,3171144,4054366
4102758,4102758,3074824,3177127,4058540
4090737,4090737,3073228,3171722,4056332
4089263,4089263,3086944,3170885,4043589
4099152,4099152,3090450,3182950,4044834
4093436,4093436,3083178,3174754,4040438
4097667,4097667,3089525,3175188,4055616
4089495,4089495,3085309,3167581,4044324
4094867,4094867,3097349,3182661,4053644
4103267,4103267,3099718,3185101,4058124
4100404,4100404,3061284,3173429,4059609
4100576,4100576,3066786,3165642,4061738
4094390,4094390,3064233,3159654,4050754
4096053,4096053,3075904,3171250,4061593
4101377,4101377,3097334,3193614,4046565
4098591,4098591,3086672,3181741,4044766
4096080,4096080,3085699,3175857,4048920
4096349,4096349,3087310,3174049,4058586
4091743,4091743,3093758,3174573,4046957
4089757,4089757,3066522,3171833,4048703
4097514,4097514,3065988,3177522,4061105
4097488,4097488,3078485,3176916,4059584
4105266,4105266,3078758,3179015,4057486
4087061,4087061,3071541,3165724,4045200
4101295,4101295,3101721,3193014,4047544
4099779,4099779,3085829,3180720,4055223
4095349,4095349,3095870,3180937,4041726
4108431,4108431,3089098,3179456,4056272
4098276,4098276,3082941,3168410,4048461
4101332,4101332,3073609,3171607,4059493
4094742,4094742,3066088,3175311,4053167
4100017,4100017,3084548,3181779,4054316
4106690,4106690,3070485,3165870,4056646
4086690,4086690,3074656,3168102,4048062
4089527,4089527,3077724,3172398,4044365
4101309,4101309,3087218,3183366,4050171
4095931,4095931,3082520,3172246,4046822
4101052,4101052,3088266,3174916,4048201
4088506,4088506,3085004,3166521,4043037
4099871,4099871,3066280,3172048,4055322
4095557,4095557,3068188,3181765,4057347
4097113,4097113,3071689,3167338,4058913
4098731,4098731,3080524,3178198,4054422
4099491,4099491,3089140,3177961,4064971
4092334,4092334,3085966,3176865,4044031
4099433,4099433,3079644,3172669,4049003
4089426,4089426,3077112,3169956,4035806
4095571,4095571,3099413,3189735,4042779
4095638,4095638,3101017,3186660,4054885
4090076,4090076,3066722,3176398,4041771
4104061,4104061,3070154,3182482,4064070
4090274,4090274,3063875,3170186,4045587
4098076,4098076,3072882,3172531,4057641
4096653,4096653,3072831,3170706,4053230
4091122,4091122,3083376,3178051,4044874
4092551,4092551,3080667,3182537,4050516
4088308,4088308,3082887,3177533,4032598
4095445,4095445,3085890,3175570,4041459
4099622,4099622,3083925,3173062,4057357
4100350,4100350,3082431,3164092,4050567
4094783,4094783,3070796,3181236,4062800
4093935,4093935,3066062,3178933,4051836
4089529,4089529,3062995,3161783,4052058
4107598,4107598,3070542,3170790,4067434
4094648,4094648,3067511,3159773,4044142
4092278,4092278,3094203,3189304,4041659
4101967,4101967,3083778,3174894,4044057
4093447,4093447,3083350,3167947,4046328
4097801,4097801,3082405,3164189,4059516
4095949,4095949,3087424,3173645,4052158
4103105,4103105,3071752,3180365,4061071
4101126,4101126,3063270,3179036,4047539
4096392,4096392,3071664,3169591,4052326
4092063,4092063,3072932,3170441,4050412
4093421,4093421,3071814,3164079,4048096
4094150,4094150,3088296,3184564,4043783
4105143,4105143,3107190,3202566,4048135
4096771,4096771,3087572,3177641,4047513
4101334,4101334,3085239,3165505,4053511
4084145,4084145,3085508,3172349,4037922
4093697,4093697,3070566,3175077,4054389
4097392,4097392,3068058,3176105,4062420
4091813,4091813,3063299,3165531,4047196
4101406,4101406,3088574,3187302,4056855
4098368,4098368,3078404,3175503,4061398
4098130,4098130,3073028,3169109,4050819
4105918,4105918,3089694,3186604,4050252
4091783,4091783,3087242,3174051,4045194
4096792,4096792,3084053,3173010,4048687
4088735,4088735,3080849,3164940,4048248
4092765,4092765,3074450,3183916,4050084
4107828,4107828,3085062,3191678,4066006
4101359,4101359,3084484,3182352,4052967
4103677,4103677,3081873,3179450,4058102
4096238,4096238,3081230,3174927,4055626
4085125,4085125,3090506,3187828,4032480
4095588,4095588,3086752,3179741,4046318
4092184,4092184,3085698,3173231,4045109
4091339,4091339,3083549,3171381,4039306
4102550,4102550,3109917,3193620,4055421
4098315,4098315,3079898,3186009,4059250
4097558,4097558,3071500,3176963,4050484
4099197,4099197,3063750,3165927,4059243
4094000,4094000,3066529,3167795,4061817
4100514,4100514,3075283,3172960,4063633
4101236,4101236,3072239,3165147,4047373
4100861,4100861,3092713,3182984,4048573
4101923,4101923,3092210,3180604,4051346
4088971,4088971,3088159,3172787,4049059
4108044,4108044,3090032,3173582,4064471
4097360,4097360,3069797,3181564,4053931
4098599,4098599,3074290,3182773,4057168
4100589,4100589,3069104,3166954,4055586
4088005,4088005,3065974,3163648,4052675
4103232,4103232,3076282,3169086,4058553
4092220,4092220,3069752,3164059,4042736
4092862,4092862,3080337,3172332,4043492
4099787,4099787,3103770,3185242,4048176
4090920,4090920,3086300,3170552,4046462
4101784,4101784,3090474,3178836,4056807
4094507,4094507,3069450,3177056,4057582
4100999,4100999,3064617,3172853,4058365
4104198,4104198,3088868,3180737,4066429
4092822,4092822,3078041,3179262,4050913
4096653,4096653,3088217,3179785,4058135
4098513,4098513,3083374,3177967,4048478
4089662,4089662,3091582,3184136,4039667
4100452,4100452,3095518,3185355,4052494
4097273,4097273,3087711,3174261,4050109
4102321,4102321,3103105,3181930,4061966
4100908,4100908,3070265,3178042,4053875
4093692,4093692,3063551,3166971,4053004
4103321,4103321,3067113,3168499,4061019
4104875,4104875,3085082,3181565,4063582
4096171,4096171,3085890,3178761,4067152
4105574,4105574,3081356,3174049,4053413
4088987,4088987,3087220,3178117,4045427
4102076,4102076,3095998,3185357,4050800
4092946,4092946,3088307,3175914,4050689
4095236,4095236,3089081,3172429,4052935
4105858,4105858,3075169,3182278,4061329
4094268,4094268,3066621,3180319,4052585
4092928,4092928,3069849,3165555,4052878
4097836,4097836,3068269,3165532,4055891
4089936,4089936,3085687,3177200,4052553
4097717,4097717,3089359,3183389,4044611
4093712,4093712,3081987,3175975,4048256
4101205,4101205,3097261,3184154,4050647
4094500,4094500,3095274,3184355,4045492
4094465,4094465,3082132,3182928,4053236
4098166,4098166,3073977,3186499,4063244
4095268,4095268,3073402,3184531,4050433
4091857,4091857,3076030,3168738,4049854
4100210,4100210,3069980,3171045,4057761
4097503,4097503,3091842,3184046,4058810
4098307,4098307,3087068,3181718,4050201
4090857,4090857,3091638,3183970,4040940
4097159,4097159,3086659,3182257,4048367
4101700,4101700,3095140,3178606,4051715
4097644,4097644,3077599,3167860,4055993
4097538,4097538,3083230,3184778,4052842
4095441,4095441,3063540,3170159,4052492
4092238,4092238,3069653,3165689,4050673
4100132,4100132,3070978,3167320,4059923
4091466,4091466,3080202,3168714,4046092
4094165,4094165,3072643,3158540,4048064
4093914,4093914,3090929,3186353,4048324
4092602,4092602,3089969,3181799,4043880
4107695,4107695,3095088,3179081,4051394
4093149,4093149,3098119,3184579,4048170
4102520,4102520,3088867,3198754,4055066
4100336,4100336,3088493,3197901,4057845
4095745,4095745,3074180,3170836,4058361
4093487,4093487,3073756,3170982,4062423
4096334,4096334,3069985,3174218,4059364
4099137,4099137,3091340,3182221,4047325
4105805,4105805,3082554,3173750,4054839
4091904,4091904,3092989,3179338,4042570
4104019,4104019,3092511,3182003,4051691
4095807,4095807,3082191,3173677,4051757
4094684,4094684,3086590,3168065,4046944
4102522,4102522,3073496,3180783,4054271
4092619,4092619,3071950,3167061,4063203
4101614,4101614,3081188,3176104,4070213
4106221,4106221,3069470,3165623,4062688
4091430,4091430,3081764,3176996,4043581
4101861,4101861,3092481,3189228,4043195
4091266,4091266,3083086,3177620,4040163
4096880,4096880,3087597,3175893,4044298
4100953,4100953,3087991,3172240,4055456
4090296,4090296,3083847,3169553,4048866
4095269,4095269,3070854,3176770,4050852
4090402,4090402,3065759,3168184,4061254
4098820,4098820,3065268,3164538,4052739
4105118,4105118,3078882,3174377,4067188
4100618,4100618,3089001,3179911,4046319
4093198,4093198,3090832,3185848,4041682
4092564,4092564,3093765,3181853,4047418
4090190,4090190,3092442,3176411,4036326
4098910,4098910,3086259,3178790,4068669
4100278,4100278,3087958,3171659,4051928
4091784,4091784,3077715,3187764,4054597
4101475,4101475,3079009,3182548,4059629
4092782,4092782,3063563,3163372,4047413
4105613,4105613,3076357,3188998,4052180
4094319,4094319,3079945,3172118,4047781
4091698,4091698,3088639,3190039,4041027
4100096,4100096,3086959,3182028,4042716
4094798,4094798,3083317,3168988,4041860
4096711,4096711,3081128,3172067,4052803
4093743,4093743,3082178,3177284,4057911
4089047,4089047,3061835,3171542,4050082
4096671,4096671,3069035,3179471,4048424
4095432,4095432,3064733,3163371,4054971
4100218,4100218,3081374,3178141,4057991
4092761,4092761,3087831,3178692,4061772
4096824,4096824,3086570,3183234,4048220
4103197,4103197,3091989,3183486,4050922
4089414,4089414,3083903,3173700,4036543
4099921,4099921,3086395,3175020,4049530
4098626,4098626,3087554,3176151,4063246
4094016,4094016,3066023,3172494,4057784
4109747,4109747,3074380,3189071,4056727
4097608,4097608,3066472,3165775,4052358
4100226,4100226,3078823,3178014,4058459
4096510,4096510,3077284,3171522,4059852
4101361,4101361,3082686,3177767,4045379
4101717,4101717,3087052,3185524,4045861
4090349,4090349,3083669,3184571,4049614
4094081,4094081,3089701,3180015,4057766
4101759,4101759,3087218,3173258,4066921
4089931,4089931,3061499,3170627,4053180
4099819,4099819,3068542,3179678,4056187
4086511,4086511,3069467,3175027,4044315
4090231,4090231,3071245,3170876,4054145
4103693,4103693,3081561,3175336,4060243
4095532,4095532,3072303,3167402,4046771
4102199,4102199,3095744,3187718,4052136
4101032,4101032,3082059,3170253,4053733
4095181,4095181,3098857,3187848,4052425
4109256,4109256,3105762,3183243,4064851
4094419,4094419,3074230,3183259,4053084
4095120,4095120,3079123,3175136,4052487
4087977,4087977,3067823,3167796,4050549
4085930,4085930,3077827,3176160,4044351
4108088,4108088,3074849,3165787,4057189
4099429,4099429,3081263,3176233,4046929
4095343,4095343,3081571,3181485,4037701
4094281,4094281,3093394,3179046,4040368
4099128,4099128,3093767,3184277,4051646
4099519,4099519,3091556,3176031,4057837
4096553,4096553,3065125,3175286,4059884
4096967,4096967,3066179,3175841,4048434
4106025,4106025,3070372,3165880,4061214
4097071,4097071,3078271,3176707,4053014
4101250,4101250,3083042,3177157,4059311
4100743,4100743,3095345,3191613,4053161
4098855,4098855,3096484,3189539,4042762
4101838,4101838,3094063,3186171,4049435
4094174,4094174,3083001,3168604,4052716
4094928,4094928,3090828,3180697,4054230
4099852,4099852,3061229,3165690,4058942
4096796,4096796,3070319,3182022,4052203
4090385,4090385,3075925,3171490,4057658
4093756,4093756,3075710,3178566,4054636
4093129,4093129,3088815,3180211,4058247
4093000,4093000,3066765,3160264,4042774
4097440,4097440,3094166,3185784,4048863
4091120,4091120,3087436,3175549,4037853
4092774,4092774,3082972,3170984,4040093
4097014,4097014,3094986,3181018,4057217
4104263,4104263,3068856,3178673,4059693
4091572,4091572,3066297,3180536,4051350
4088795,4088795,3084550,3181158,4054028
4099150,4099150,3073378,3172365,4063180
4089972,4089972,3067592,3172498,4057548
4101479,4101479,3072820,3166098,4057162
4088199,4088199,3087401,3181279,4041770
4099032,4099032,3096743,3185252,4046921
4110089,4110089,3088267,3174051,4058538
4084392,4084392,3075895,3164996,4049410
4103824,4103824,3080462,3190016,4055005
4095393,4095393,3071022,3177218,4049205
4102496,4102496,3069012,3167346,4061905
4098445,4098445,3060445,3162587,4061565
4085775,4085775,3075284,3172994,4048288
4104991,4104991,3095401,3193379,4052231
4091793,4091793,3087577,3181118,4037278
4099345,4099345,3089827,3183556,4047358
4100323,4100323,3083619,3168685,4045484
4100537,4100537,3109829,3194961,4066668
4101619,4101619,3093037,3184660,4057105
4086169,4086169,3067235,3183208,4051763
4092515,4092515,3066990,3172271,4056782
4104135,4104135,3072036,3170217,4061475
4100160,4100160,3077623,3175957,4059675
4094266,4094266,3080397,3177119,4044406
4101205,4101205,3088174,3185090,4047553
4093997,4093997,3079767,3177566,4045230
4101568,4101568,3083699,3169326,4050002
4096054,4096054,3082105,3173357,4053208
4098776,4098776,3085401,3178853,4054618
4103755,4103755,3071730,3182105,4060060
4094956,4094956,3061680,3163508,4054142
4098767,4098767,3075875,3170102,4056374
4100393,4100393,3075087,3173107,4055178
4099097,4099097,3082293,3184392,4046579
4096898,4096898,3085002,3181501,4049507
4098211,4098211,3089006,3182492,4041619
4107857,4107857,3088460,3174752,4046364
4098847,4098847,3082953,3166185,4058475
4095646,4095646,3071990,3177152,4053204
4105613,4105613,3070117,3183680,4058915
4099820,4099820,3068386,3161439,4054306
4102984,4102984,3083456,3181272,4059930
4098570,4098570,3082373,3175430,4054538
4089119,4089119,3081650,3176266,4038379
4099710,4099710,3093857,3190915,4043315
4092801,4092801,3087893,3173335,4041523
4098209,4098209,3086187,3182387,4054485
4100093,4100093,3079516,3165072,4050255
4087446,4087446,3061942,3166144,4043403
4097773,4097773,3076432,3179727,4054131
4093117,4093117,3064474,3161518,4052769
4094382,4094382,3068607,3165401,4057221
4093400,4093400,3071478,3169328,4048073
4095185,4095185,3084785,3182727,4044711
4098615,4098615,3084326,3182169,4052177
4099154,4099154,3082409,3171454,4046160
4095883,4095883,3085601,3169858,4050086
4100292,4100292,3080804,3166970,4061903
4092246,4092246,3079625,3187685,4047857
4096808,4096808,3077259,3180513,4053639
4097408,4097408,3082087,3173813,4059923
4090363,4090363,3086652,3185831,4050939
4107216,4107216,3077689,3176877,4062584
4105014,4105014,3070326,3158926,4048970
4092693,4092693,3077662,3174071,4045222
4102023,4102023,3082624,3176258,4042965
4094015,4094015,3085623,3169780,4045567
4105108,4105108,3085772,3178305,4053697
4096599,4096599,3096914,3173892,4056813
4098132,4098132,3070664,3179474,4051529
4101591,4101591,3066040,3167311,4054312
4086319,4086319,3063477,3165006,4043421
4103588,4103588,3074872,3173027,4062762
4086551,4086551,3078354,3169706,4037224
4093043,4093043,3089195,3179569,4037636
4105480,4105480,3086362,3179352,4053197
4093445,4093445,3094482,3181233,4045780
4100611,4100611,3073715,3174108,4053424
4099003,4099003,3086622,3174776,4061939
4089863,4089863,3066108,3176485,4041541
4112797,4112797,3069907,3181350,4067707
4098424,4098424,3067519,3164352,4059741
4102098,4102098,3082344,3179146,4061938
4095238,4095238,3075046,3166009,4044866
4103767,4103767,3084859,3184128,4051500
4104134,4104134,3083479,3172228,4045744
4092417,4092417,3083868,3170384,4043703
4097344,4097344,3101181,3184938,4049216
4090790,4090790,3090210,3173230,4049541
4094023,4094023,3069448,3173152,4051989
4095301,4095301,3065133,3180026,4051781
4085809,4085809,3067546,3164682,4053266
4096166,4096166,3072975,3165058,4054647
4103674,4103674,3086822,3178891,4050759
4093743,4093743,3086992,3182989,4036914
4092785,4092785,3092840,3184672,4048014
4095638,4095638,3086077,3169417,4043310
4091370,4091370,3088450,3178185,4054167
4101891,4101891,3087190,3177884,4072308
4096352,4096352,3073831,3178988,4056558
4104241,4104241,3069424,3176756,4056269
4098690,4098690,3063145,3163389,4056797
4096953,4096953,3073383,3169888,4055291
4101298,4101298,3082975,3174256,4045072
4091961,4091961,3086820,3180468,4044922
4098819,4098819,3092611,3184194,4047782
4101441,4101441,3087362,3174055,4052007
4090667,4090667,3094276,3182069,4049836
4105228,4105228,3102353,3185476,4061402
4092988,4092988,3059549,3167660,4054919
4091339,4091339,3063927,3175627,4045994
4110827,4110827,3086617,3183090,4063493
4092992,4092992,3069497,3164997,4052068
4096387,4096387,3080469,3170508,4048026
4093149,4093149,3087316,3185626,4048158
4088482,4088482,3087992,3177692,4038326
4110116,4110116,3093220,3185618,4053780
4095286,4095286,3088378,3173475,4051274
4092691,4092691,3087706,3171740,4054081
4094218,4094218,3068608,3178068,4055028
4094099,4094099,3068106,3175610,4052582
4100439,4100439,3071475,3167309,4053060
4097400,4097400,3080047,3180702,4051022
4093548,4093548,3070215,3166818,4058586
4099691,4099691,3087912,3184950,4046547
4094813,4094813,3078154,3177362,4042370
4108305,4108305,3089064,3177806,4057334
4093339,4093339,3078046,3161321,4049388
4099567,4099567,3090021,3172764,4053045
4099415,4099415,3063430,3174251,4053588
4088540,4088540,3065960,3173076,4044112
4096506,4096506,3067594,3167707,4058612
4089265,4089265,3065454,3164929,4050636
4095419,4095419,3070903,3161210,4052548
4098496,4098496,3085098,3182279,4049511
4090476,4090476,3075645,3174841,4042518
4097532,4097532,3092052,3187440,4048856
4089834,4089834,3062535,3164218,4049757
4089784,4089784,3092227,3174390,4045097
4109937,4109937,3063940,3172320,4054271
4093327,4093327,3064022,3171591,4049429
4101059,4101059,3079551,3172002,4061812
4103982,4103982,3077669,3177034,4063267
4097037,4097037,3083763,3175248,4052483
4097585,4097585,3091917,3186186,4048081
4091358,4091358,3082868,3181721,4041627
4092074,4092074,3094578,3186200,4044100
4103928,4103928,3093962,3173085,4058251
4098024,4098024,3088229,3170561,4053854
4096016,4096016,3070973,3180003,4044737
4089458,4089458,3073761,3191521,4050903
4089006,4089006,3061929,3158110,4050635
4100091,4100091,3072673,3167062,4057341
4083524,4083524,3081727,3173866,4051053
4093625,4093625,3081247,3178214,4041384
4097511,4097511,3088632,3183903,4045483
4093612,4093612,3084517,3175351,4050195
4097596,4097596,3083755,3170221,4047420
4091088,4091088,3093011,3175523,4046767
4098038,4098038,3085417,3176147,4061086
4100702,4100702,3064091,3176016,4065493
4096613,4096613,3061682,3175735,4057248
4105478,4105478,3070718,3169656,4070321
4095065,4095065,3078225,3177123,4051059
4096178,4096178,3082172,3173407,4045830
4103605,4103605,3089472,3184925,4052323
4096328,4096328,3087114,3174369,4045997
4096132,4096132,3093483,3181246,4036420
4096747,4096747,3082531,3177186,4054151
4091689,4091689,3098779,3182040,4047406
4105807,4105807,3084229,3191288,4061259
4089653,4089653,3080207,3175421,4048886
4098265,4098265,3072635,3177173,4061012
4096106,4096106,3073642,3170906,4069085
4088211,4088211,3074846,3171330,4044795
4101190,4101190,3084853,3182353,4047549
4096317,4096317,3085814,3174246,4045353
4099137,4099137,3095167,3180014,4050855
4094495,4094495,3090258,3172174,4056504
4091726,4091726,3095929,3178643,4055813
4095236,4095236,3082347,3184041,4054841
4092455,4092455,3065675,3178617,4049268
4093940,4093940,3070479,3170552,4058065
4099844,4099844,3078425,3177215,4054048
4088480,4088480,3085020,3175063,4052172
4099628,4099628,3085519,3172892,4053468
4087587,4087587,3075770,3168656,4039675
4099336,4099336,3088035,3178649,4047760
4094517,4094517,3086084,3171753,4051026
4095775,4095775,3081423,3167238,4045591
4094860,4094860,3063116,3173604,4048577
4093634,4093634,3065773,3167795,4053164
4095399,4095399,3066244,3168398,4058009
4102721,4102721,3083701,3183114,4058977
4095375,4095375,3075679,3168933,4056023
4100134,4100134,3075441,3168812,4046143
4093269,4093269,3095054,3181220,4042718
4090892,4090892,3096724,3185301,4046801
4105309,4105309,3098107,3176236,4062938
4089268,4089268,3087600,3169841,4052725
4091470,4091470,3066750,3178661,4050692
4096307,4096307,3061924,3170678,4052650
5747349,5747349,4775948,4858959,5684845
4096350,4096350,3090753,3172811,4049612
4093624,4093624,3067736,3173088,4061796
4101793,4101793,3080255,3189938,4059331
4098096,4098096,3061411,3158020,4050335
4093490,4093490,3070762,3173439,4053763
4093611,4093611,3076596,3169032,4057684
4096094,4096094,3087834,3183042,4042454
4097811,4097811,3092753,3183794,4050553
4094417,4094417,3091565,3178457,4041307
4086829,4086829,3095296,3181058,4047361
4098858,4098858,3095343,3180698,4053715
4098804,4098804,3069267,3175033,4049059
4107526,4107526,3063846,3173102,4062637
4096652,4096652,3066192,3166703,4049585
4105881,4105881,3088426,3187237,4055991
4099089,4099089,3081054,3175485,4054402
4089814,4089814,3087623,3193549,4042789
4094387,4094387,3087749,3181818,4034770
4089114,4089114,3090695,3177127,4044692
4088925,4088925,3095315,3181088,4050290
4090993,4090993,3096466,3183232,4052686
4092489,4092489,3085835,3174969,4045914
4096166,4096166,3069680,3175700,4051643
4097132,4097132,3067416,3166589,4050085
4091756,4091756,3083052,3184521,4053744
4103471,4103471,3072687,3172325,4056002
4089721,4089721,3082497,3177372,4037593
4098888,4098888,3091577,3183360,4050915
4085823,4085823,3075708,3168261,4041815
4096662,4096662,3087438,3171851,4042167
4103893,4103893,3077225,3178365,4058489
4090042,4090042,3100263,3183682,4046680
4097837,4097837,3078591,3180614,4047275
4085232,4085232,3063794,3171767,4050056
4092693,4092693,3067829,3165407,4058245
4107687,4107687,3078185,3172197,4070449
4094370,4094370,3077110,3172539,4046952
4099270,4099270,3089200,3183695,4050044
4099817,4099817,3082286,3175614,4045001
4087595,4087595,3096507,3185170,4030983
4100258,4100258,3086462,3175966,4052833
4088206,4088206,3092290,3185904,4041727
4097731,4097731,3077157,3191297,4051716
4099904,4099904,3070634,3183343,4058392
4088718,4088718,3068379,3162643,4057078
4103852,4103852,3077666,3179771,4062618
4099240,4099240,3083595,3176528,4060232
4090957,4090957,3088854,3183363,4045024
4104275,4104275,3088887,3185353,4049766
4087247,4087247,3096636,3181105,4035229
4099297,4099297,3087924,3178558,4055087
4092784,4092784,3088784,3168172,4058363
4091525,4091525,3064160,3170069,4050359
4103010,4103010,3066946,3168770,4064662
4097834,4097834,3072790,3170810,4059473
4100098,4100098,3080815,3178536,4063688
4095473,4095473,3091058,3185011,4059800
4090398,4090398,3084676,3179979,4043736
4103514,4103514,3084159,3174087,4055412
4103373,4103373,3090293,3178017,4044063
4093426,4093426,3092147,3177148,4045858
4095691,4095691,3084449,3169356,4053186
4098734,4098734,3070475,3178776,4051042
4102801,4102801,3087664,3199218,4051589
4093607,4093607,3061609,3164543,4058098
4093336,4093336,3073202,3167869,4052149
4098598,4098598,3081719,3175179,4064043
4089414,4089414,3088988,3183012,4039563
4101456,4101456,3093460,3186987,4046906
4090731,4090731,3092206,3187803,4047461
4093908,4093908,3084922,3171308,4045303
4100949,4100949,3096818,3180680,4057233
4092571,4092571,3069006,3175306,4046821
4095383,4095383,3081562,3190970,4059381
4094796,4094796,3062102,3164066,4054554
4092462,4092462,3069401,3171933,4054867
4102286,4102286,3070918,3170039,4066439
4090607,4090607,3080044,3175813,4043371
4095634,4095634,3082499,3179084,4050353
4095281,4095281,3084810,3175973,4045346
4095635,4095635,3090304,3173927,4047090
4100850,4100850,3092537,3179950,4053246
4092100,4092100,3085029,3174179,4049679
4094733,4094733,3067281,3177296,4051698
4089770,4089770,3066862,3175560,4051280
4097797,4097797,3066220,3168304,4047749
4100872,4100872,3081796,3183358,4059059
4087279,4087279,3063105,3158962,4034890
4095222,4095222,3089713,3184498,4041503
4094228,4094228,3095824,3187460,4045194
4087847,4087847,3087992,3178094,4036013
4101922,4101922,3082208,3170073,4058105
4091448,4091448,3091124,3174334,4048717
4102205,4102205,3075100,3180966,4060338
4102856,4102856,3071570,3183317,4066334
4092221,4092221,3073630,3164336,4050387
4101266,4101266,3075625,3172355,4060890
4107872,4107872,3073813,3165555,4053488
4095464,4095464,3087340,3186869,4043216
4100777,4100777,3088975,3193343,4042785
4102527,4102527,3086656,3176869,4045646
4098469,4098469,3093055,3176392,4049479
4097803,4097803,3073466,3164550,4049412
4091346,4091346,3067231,3173615,4051861
4095539,4095539,3077261,3190752,4057503
4095465,4095465,3075409,3167558,4054846
4102188,4102188,3082566,3179703,4058190
4093650,4093650,3094287,3168945,4049756
4096610,4096610,3091819,3183866,4045821
4102309,4102309,3091474,3184148,4051213
4096580,4096580,3077957,3176680,4050036
4093530,4093530,3083222,3171516,4050172
4094163,4094163,3083825,3166729,4055040
4094502,4094502,3066414,3174013,4046763
4101375,4101375,3071161,3178746,4058721
4097642,4097642,3067362,3163967,4054272
4096070,4096070,3078805,3179725,4055795
4095786,4095786,3082331,3174235,4043825
4099362,4099362,3093889,3185541,4046141
4094831,4094831,3096568,3180909,4044599
4093292,4093292,3087041,3170921,4044721
4086136,4086136,3091275,3174513,4042479
4112538,4112538,3091889,3174545,4058580
4095551,4095551,3067582,3174611,4051328
4108378,4108378,3070149,3178010,4067685
4098455,4098455,3078960,3171574,4057611
4112704,4112704,3074511,3171720,4093493
4097524,4097524,3079393,3170573,4054540
4105575,4105575,3089157,3185589,4054626
4101024,4101024,3092747,3183694,4043081
4113289,4113289,3095713,3184913,4076049
4098863,4098863,3084128,3172886,4059711
4099901,4099901,3074781,3182553,4049302
4101598,4101598,3064185,3177151,4055016
4099024,4099024,3067903,3165210,4058506
4101657,4101657,3086355,3183196,4053313
4098203,4098203,3063994,3158793,4062343
4093976,4093976,3083376,3190859,4046357
4099257,4099257,3080125,3177048,4046010
4092576,4092576,3097197,3189359,4036736
4099035,4099035,3082908,3170575,4046757
4092724,4092724,3082939,3169553,4048412
4097486,4097486,3067114,3167088,4052310
4108301,4108301,3066921,3182643,4069095
4104588,4104588,3064373,3166162,4067400
4097769,4097769,3080248,3177017,4058797
4096786,4096786,3080487,3172552,4059147
4091837,4091837,3078283,3171937,4043710
4101281,4101281,3091384,3179413,4045217
4096399,4096399,3080629,3168592,4043183
4095676,4095676,3086423,3174351,4049060
4088042,4088042,3088520,3171881,4039042
4095357,4095357,3065975,3174133,4045169
4100048,4100048,3064170,3172091,4051717
4091515,4091515,3062032,3158565,4052436
4086314,4086314,3068245,3164624,4051813
4098224,4098224,3075901,3176770,4058501
4091522,4091522,3068813,3160582,4045280
4107532,4107532,3078326,3174510,4052119
4087335,4087335,3088163,3179119,4036087
4105639,4105639,3073799,3173784,4048252
4097844,4097844,3079796,3174771,4053611
4090729,4090729,3080973,3169329,4045735
4093342,4093342,3066072,3175835,4051805
4094527,4094527,3066566,3176046,4064388
4096982,4096982,3073758,3169769,4059363
4105142,4105142,3075884,3175649,4069158
4093636,4093636,3069333,3167803,4051083
4097245,4097245,3084986,3182666,4047431
4086105,4086105,3073796,3164495,4043046
4101562,4101562,3090334,3179376,4046824
4105757,4105757,3089038,3176343,4053714
4086047,4086047,3081185,3163372,4044656
4096468,4096468,3065163,3171946,4055456
4105531,4105531,3066008,3177438,4062988
4091713,4091713,3062041,3162360,4053142
4103589,4103589,3079991,3176166,4057170
4094008,4094008,3071753,3164358,4051970
4091487,4091487,3086735,3185258,4039534
4099567,4099567,3085136,3180042,4039531
4095828,4095828,3083806,3171917,4047798
4100254,4100254,3089817,3180867,4054763
4090369,4090369,3104143,3186493,4044740
4089068,4089068,3070318,3177716,4048824
4101917,4101917,3071015,3185138,4056314
4089966,4089966,3078684,3178970,4051942
4090987,4090987,3086967,3185517,4053826
4090603,4090603,3070411,3166057,4051270
4090441,4090441,3086221,3182093,4035685
4110263,4110263,3097150,3193152,4058332
4095081,4095081,3088357,3174787,4045649
4099830,4099830,3083987,3175780,4053992
4086760,4086760,3076038,3156205,4043343
4103559,4103559,3068102,3178977,4054491
4105087,4105087,3072731,3184655,4071002
4090803,4090803,3063878,3163286,4052603
4093462,4093462,3066507,3166400,4051093
4102046,4102046,3079080,3170625,4071990
4090033,4090033,3080427,3169404,4043000
4104152,4104152,3101953,3198021,4048726
4094482,4094482,3091801,3183072,4043988
4103409,4103409,3103111,3192152,4062311
4097032,4097032,3104995,3188176,4057881
4090503,4090503,3078429,3189134,4054379
4101800,4101800,3078456,3188296,4059215
4099797,4099797,3069875,3167241,4052854
4094385,4094385,3071932,3171433,4053233
4103705,4103705,3092908,3183939,4063795
4094369,4094369,3090532,3182121,4043998
4110301,4110301,3098538,3188785,4054065
4101816,4101816,3081146,3171287,4053696
4092817,4092817,3093333,3176676,4048155
4093375,4093375,3106373,3189188,4050810
4098195,4098195,3082365,3188887,4051724
4104511,4104511,3077087,3186678,4068562
4105221,4105221,3066663,3161741,4062143
4099276,4099276,3082614,3178879,4051468
4096764,4096764,3082376,3176676,4053210
4091223,4091223,3085011,3180301,4040793
4093952,4093952,3091075,3180480,4043345
4096447,4096447,3087351,3175708,4051349
4094307,4094307,3100030,3187388,4048271
4098347,4098347,3083911,3179392,4056208
4085798,4085798,3062896,3170670,4049560
4094584,4094584,3082602,3192843,4062473
4103606,4103606,3069970,3171066,4061590
4094112,4094112,3072503,3170978,4051949
4094901,4094901,3083940,3179121,4055060
4093852,4093852,3083565,3177828,4043217
4095328,4095328,3084954,3178884,4040844
4100371,4100371,3083136,3176546,4047260
4093829,4093829,3080300,3166054,4043629
4089895,4089895,3079334,3169476,4043266
4097223,4097223,3074692,3179616,4048399
4089669,4089669,3060299,3166668,4047123
4105833,4105833,3067315,3168824,4057167
4095075,4095075,3064293,3163381,4051212
4099850,4099850,3074604,3165789,4057914
4103276,4103276,3081318,3180566,4050394
4100242,4100242,3084058,3172827,4047982
4106894,4106894,3093932,3183439,4052491
4095860,4095860,3084269,3170721,4052327
4098461,4098461,3085515,3167787,4050263
4097333,4097333,3068732,3178961,4051985
4097956,4097956,3064968,3173195,4060080
4101907,4101907,3083863,3183338,4055574
4093737,4093737,3075349,3177871,4056060
4092384,4092384,3083256,3178324,4051199
4105776,4105776,3083553,3180636,4048869
4095466,4095466,3081655,3178885,4048811
4095686,4095686,3087812,3178055,4043399
4090283,4090283,3086993,3174117,4052896
4089946,4089946,3085286,3169752,4044292
4105791,4105791,3090180,3175421,4065258
4092517,4092517,3066063,3170565,4064364
4097057,4097057,3071244,3169358,4058526
4105752,4105752,3079551,3185261,4063224
4105252,4105252,3083783,3171583,4059845
4105303,4105303,3093348,3187706,4053181
4094070,4094070,3088613,3186824,4041815
4097951,4097951,3096684,3181332,4044076
4092280,4092280,3096273,3181351,4043295
4103310,4103310,3090240,3174469,4058441
4094268,4094268,3071922,3177846,4050531
4095865,4095865,3064009,3172161,4058470
4098854,4098854,3069867,3163192,4056805
4111239,4111239,3080051,3177604,4067453
4094731,4094731,3071126,3156886,4053096
4101912,4101912,3077967,3171621,4048732
4095214,4095214,3086929,3183659,4041481
4089619,4089619,3081738,3172277,4039429
4124501,4124501,3085137,3174136,4051977
4104605,4104605,3083050,3166651,4055729
4113667,4113667,3077952,3186198,4060869
4099442,4099442,3085147,3186706,4059071
4095655,4095655,3068272,3165751,4056460
4096056,4096056,3077864,3180316,4055716
4094802,4094802,3073956,3167158,4052068
4093206,4093206,3084026,3175739,4042876
4108029,4108029,3099758,3189151,4057894
4098545,4098545,3092792,3178497,4046924
4093976,4093976,3088233,3177489,4051329
4094731,4094731,3089873,3171020,4059295
4084504,4084504,3071557,3180398,4050168
4102290,4102290,3069603,3178208,4059338
4097178,4097178,3072926,3171294,4054510
4098378,4098378,3073266,3174904,4054999
4092402,4092402,3076202,3167390,4057963
4090974,4090974,3081968,3173382,4039147
4100666,4100666,3096388,3189211,4049613
4095498,4095498,3090344,3176653,4049900
4094991,4094991,3082738,3165350,4055130
4096673,4096673,3087602,3169530,4046777
4095741,4095741,3068965,3170200,4050448
4110998,4110998,3078541,3190787,4070226
4087928,4087928,3061234,3159252,4046526
4095479,4095479,3063394,3161174,4049314
4097713,4097713,3073765,3166486,4066196
4088053,4088053,3087791,3183941,4048354
4094757,4094757,3096494,3187491,4046573
4091336,4091336,3084540,3176040,4045580
4090337,4090337,3090257,3171288,4051698
4100848,4100848,3100614,3190043,4061967
4098256,4098256,3080621,3184240,4047248
4090326,4090326,3072268,3184783,4053909
4093981,4093981,3060139,3160873,4049127
4094994,4094994,3069209,3168224,4058305
4101943,4101943,3079528,3173956,4053447
4084301,4084301,3077160,3173199,4030600
4099320,4099320,3079279,3174362,4048582
4101713,4101713,3084481,3177270,4038323
4082052,4082052,3087228,3168572,4033849
4105306,4105306,3103856,3188134,4053607
4098831,4098831,3088877,3177239,4049661
4090912,4090912,3067184,3174907,4050529
4100411,4100411,3065967,3179134,4058294
4089501,4089501,3071311,3165119,4048007
4099604,4099604,3087068,3184996,4057345
4093650,4093650,3093040,3183294,4050978
4085879,4085879,3085592,3178466,4035359
4102342,4102342,3090961,3183347,4052331
4093407,4093407,3089667,3178831,4039909
4090373,4090373,3069895,3169890,4047644
4100574,4100574,3096043,3185277,4060679
4093896,4093896,3068182,3176699,4053024
4105609,4105609,3068104,3175780,4060901
4093963,4093963,3068093,3165987,4052047
4090757,4090757,3075921,3173079,4057277
4091090,4091090,3080236,3168430,4056167
4087387,4087387,3082494,3175483,4035026
4099174,4099174,3088925,3179489,4038513
4098474,4098474,3087511,3177725,4051980
4095257,4095257,3087376,3177171,4054764
4101331,4101331,3078874,3160885,4057712
4092321,4092321,3084872,3188132,4049090
4107580,4107580,3065282,3174668,4055199
4090027,4090027,3065119,3165520,4049565
4092228,4092228,3073211,3172715,4052491
4101024,4101024,3086777,3178845,4058209
4096283,4096283,3073327,3169337,4051776
4094933,4094933,3077291,3167814,4049795
4088514,4088514,3083451,3177312,4044013
4094761,4094761,3081448,3167998,4040373
4098419,4098419,3104226,3187413,4056599
4092038,4092038,3067605,3175476,4047377
4089573,4089573,3069675,3172165,4053734
4087987,4087987,3069851,3163189,4046501
4100638,4100638,3067608,3157337,4059157
4104794,4104794,3072749,3169445,4056542
4096700,4096700,3078364,3175836,4049979
4093414,4093414,3087755,3184860,4043109
4099133,4099133,3085420,3177409,4042198
4098304,4098304,3094465,3179074,4041668
4100202,4100202,3097270,3184490,4049981
4090725,4090725,3084013,3171468,4047406
4095100,4095100,3065882,3177695,4057259
4098291,4098291,3065764,3177137,4052493
4085681,4085681,3061139,3161079,4044444
4107394,4107394,3084676,3181067,4056072
4100720,4100720,3067878,3160446,4051027
4094042,4094042,3088605,3184057,4047512
4104262,4104262,3087770,3180159,4046944
4102072,4102072,3090753,3176464,4049240
4097873,4097873,3090553,3174294,4052608
4093156,4093156,3085976,3173295,4049458
4094874,4094874,3062643,3174137,4053966
4102020,4102020,3069252,3181097,4060785
4092440,4092440,3064623,3164757,4051373
4103086,4103086,3085462,3185949,4057334
4098748,4098748,3069141,3160870,4051235
4099241,4099241,3084598,3180710,4043238
4103318,4103318,3090066,3189123,4049779
4097969,4097969,3081407,3172812,4048168
4102438,4102438,3088722,3173370,4055816
4084411,4084411,3083881,3169159,4039127
4086832,4086832,3057199,3169168,4051356
4093873,4093873,3067556,3178536,4055248
4090292,4090292,3063685,3164167,4048560
4091623,4091623,3071161,3171379,4047219
4098453,4098453,3070701,3162140,4064591
4094126,4094126,3082711,3174654,4041540
4092061,4092061,3094277,3184798,4044286
4094845,4094845,3084725,3171759,4043602
4092950,4092950,3091650,3173536,4049999
4100913,4100913,3092823,3174073,4055189
4091215,4091215,3069565,3176060,4048706
4100358,4100358,3072917,3179497,4051838
4098594,4098594,3066984,3167372,4053920
4096039,4096039,3077719,3173460,4053758
4104753,4104753,3087393,3176738,4058523
4098292,4098292,3079381,3179632,4048147
4098084,4098084,3091576,3180608,4052520
4103105,4103105,3081667,3168854,4048104
4097938,4097938,3087706,3179472,4061270
4100483,4100483,3092585,3175450,4053980
4085715,4085715,3070574,3177720,4044898
4098089,4098089,3066194,3179053,4060958
4106065,4106065,3067155,3167098,4068852
4101368,4101368,3077928,3173260,4059540
4100829,4100829,3091276,3181995,4068850
4091959,4091959,3085116,3182523,4047693
4101417,4101417,3079812,3175080,4044983
4101376,4101376,3087917,3182026,4053074
4088984,4088984,3084706,3171447,4056524
4094056,4094056,3085942,3171866,4059916
4098266,4098266,3064572,3170976,4055049
4091201,4091201,3076574,3186209,4053897
4102149,4102149,3071532,3167190,4057854
4098961,4098961,3079587,3171416,4052796
4098861,4098861,3071947,3162989,4064889
4094302,4094302,3085930,3179437,4044895
4099314,4099314,3078282,3173131,4045464
4117010,4117010,3098327,3186259,4058591
4098316,4098316,3094593,3184197,4056523
4093551,4093551,3090582,3172860,4055161
4096223,4096223,3062074,3172987,4056049
4090451,4090451,3064500,3167541,4051642
4089547,4089547,3086714,3182691,4052554
4098284,4098284,3075783,3175825,4053021
4093870,4093870,3064875,3160234,4057687
4098103,4098103,3091124,3187206,4048802
4084012,4084012,3075772,3174087,4033864
4095387,4095387,3093466,3179787,4047570
4101019,4101019,3084217,3166176,4063674
4084353,4084353,3091984,3177198,4050898
4105666,4105666,3069611,3172923,4064947
4095705,4095705,3086678,3179251,4050504
4101265,4101265,3071524,3171239,4061100
4099315,4099315,3063898,3163312,4055956
4091127,4091127,3075512,3174008,4050518
4101411,4101411,3083767,3177077,4054362
4089884,4089884,3086235,3180124,4039930
4095419,4095419,3094395,3183274,4039142
4096239,4096239,3086034,3175550,4046480
4082777,4082777,3079768,3164823,4047217
4105393,4105393,3094348,3180390,4059716
4086061,4086061,3059346,3168887,4051965
4100604,4100604,3086676,3185991,4063820
4106154,4106154,3075360,3174560,4072857
4096107,4096107,3075286,3169715,4051878
4091439,4091439,3090982,3188318,4044995
4094839,4094839,3084164,3178912,4044803
4107734,4107734,3079419,3171951,4048169
4101906,4101906,3100146,3185550,4046139
4093700,4093700,3083662,3168829,4051808
4096559,4096559,3079016,3188246,4052017
4095129,4095129,3068769,3183643,4062011
4096524,4096524,3066937,3177519,4051665
4101387,4101387,3071691,3170862,4058839
4097380,4097380,3075775,3176579,4052904
4096872,4096872,3084443,3180291,4049860
4096627,4096627,3084424,3179592,4044511
4086695,4086695,3076349,3167630,4044949
4097727,4097727,3087374,3172782,4036163
4093962,4093962,3080453,3168017,4047728
4096319,4096319,3085293,3171955,4052087
4093316,4093316,3064207,3174988,4054185
4101501,4101501,3073335,3183864,4056890
4100927,4100927,3076886,3170415,4061592
4096546,4096546,3070297,3168301,4050913
4097493,4097493,3084380,3177807,4047565
4098738,4098738,3098744,3187254,4057178
4090875,4090875,3086751,3186236,4041345
4097239,4097239,3094463,3176367,4048711
4103780,4103780,3083923,3170018,4060059
4089066,4089066,3093642,3177821,4049653
4106441,4106441,3067734,3171706,4066309
4098330,4098330,3065326,3174453,4059311
4091591,4091591,3068225,3166618,4048271
4098163,4098163,3070779,3168522,4055628
4096729,4096729,3071250,3159633,4054458
4102671,4102671,3093349,3188010,4052101
4090363,4090363,3083195,3175590,4043088
4096348,4096348,3102268,3189063,4046482
4098295,4098295,3084167,3165711,4054488
4092415,4092415,3089099,3171953,4044358
4097473,4097473,3080678,3185893,4057273
4094149,4094149,3065185,3174195,4057185
4095142,4095142,3069000,3167230,4049123
4110787,4110787,3083162,3181268,4060232
4091120,4091120,3079180,3172537,4053003
4105889,4105889,3078344,3175703,4053653
5102919,5102919,3085630,3178695,4041631
4178247,4178247,3125997,3215551,4077793
4139448,4139448,3089451,3174640,4044900
4143044,4143044,3072623,3171363,4052015
4145003,4145003,3066573,3163927,4057777
4150042,4150042,3080698,3179889,4063754
4155708,4155708,3075905,3166608,4051054
4141221,4141221,3091546,3184314,4043819
4149366,4149366,3085046,3179482,4051999
4150145,4150145,3092526,3176725,4059808
4147656,4147656,3070350,3174742,4049832
4146383,4146383,3070920,3164045,4050986
4146528,4146528,3084531,3166486,4060096
4146569,4146569,3084367,3185397,4044083
4157549,4157549,3094765,3182634,4053605
4144429,4144429,3092162,3176363,4048555
4144385,4144385,3080913,3182133,4051388
4141784,4141784,3062372,3163547,4049021
4143532,4143532,3075280,3177872,4050217
4152523,4152523,3081753,3179454,4044647
4144726,4144726,3080853,3176775,4048783
4139934,4139934,3088281,3172756,4034641
4145950,4145950,3089511,3173732,4052653
4135937,4135937,3060028,3169587,4044971
4150463,4150463,3065314,3161530,4056190
4154008,4154008,3074048,3171649,4056885
4148241,4148241,3083558,3182275,4048271
4144973,4144973,3086432,3179794,4044343
4156313,4156313,3089711,3178721,4060583
4148736,4148736,3085493,3170816,4059543
4157213,4157213,3064155,3177181,4058947
4152241,4152241,3071004,3170064,4058842
4145515,4145515,3076254,3169341,4053737
4153769,4153769,3090453,3187985,4049571
4156183,4156183,3082369,3172916,4044223
4152667,4152667,3093219,3181054,4056203
4149572,4149572,3071828,3177447,4055282
4148628,4148628,3067770,3164298,4056881
4146997,4146997,3070962,3167573,4058265
4149187,4149187,3077289,3167312,4044041
4155520,4155520,3092320,3183861,4047265
4148427,4148427,3097753,3184093,4056062
4132196,4132196,3085829,3173941,4045875
4150269,4150269,3070515,3179067,4052417
4148988,4148988,3068848,3169887,4058241
4147660,4147660,3091416,3180695,4053451
4146995,4146995,3088289,3184272,4043028
4148474,4148474,3086091,3174762,4044117
4144178,4144178,3078384,3167267,4052023
4148660,4148660,3073743,3178684,4060158
4142166,4142166,3061616,3169316,4050582
4147308,4147308,3067458,3165555,4057895
4158367,4158367,3081318,3173789,4062164
4150890,4150890,3081586,3185938,4045965
4155453,4155453,3088737,3180950,4049999
4143705,4143705,3085484,3169656,4046649
4136774,4136774,3062094,3177015,4055333
4144302,4144302,3065841,3166933,4059075
4145430,4145430,3070396,3167103,4055017
4136788,4136788,3075844,3172195,4040429
4156243,4156243,3091668,3183611,4047640
4155895,4155895,3099442,3185933,4046195
4149250,4149250,3086639,3173583,4060896
4141428,4141428,3068831,3181091,4047104
4139516,4139516,3068535,3164950,4053581
4154887,4154887,3093039,3180569,4062194
4150118,4150118,3086286,3181808,4050062
4154843,4154843,3078230,3168299,4046902
4147695,4147695,3101801,3189588,4055517
4144937,4144937,3086330,3191258,4053348
4149943,4149943,3086527,3193732,4055019
4155135,4155135,3081177,3179430,4058190
4148373,4148373,3076954,3170281,4046816
4152338,4152338,3079966,3173844,4044261
4156164,4156164,3098523,3183590,4052181
4138361,4138361,3095676,3180323,4045272
4143860,4143860,3069879,3177925,4046943
4141283,4141283,3073260,3175344,4051039
4152390,4152390,3068862,3167037,4052421
4165190,4165190,3072550,3166001,4057602
4140924,4140924,3083673,3168763,4036746
4144812,4144812,3087517,3175667,4051728
4148434,4148434,3087044,3172033,4056515
4147076,4147076,3075412,3180834,4053287
4148264,4148264,3065510,3162123,4064423
4142609,4142609,3079111,3170193,4053842
4152815,4152815,3085643,3182432,4044615
4167303,4167303,3087487,3179026,4052414
4152578,4152578,3105560,3190861,4056678
4153547,4153547,3086562,3193487,4062366
4144113,4144113,3062595,3163327,4048200
4148631,4148631,3071513,3167433,4052660
4156501,4156501,3081527,3180232,4055163
4154441,4154441,3094638,3191169,4047851
4141868,4141868,3083576,3169464,4056922
4147718,4147718,3091726,3174380,4050039
